date,member_count,required_member_count,status
2012-01-02,0,200,BLOCKED
2012-01-03,0,200,BLOCKED
2012-01-04,0,200,BLOCKED
2012-01-05,0,200,BLOCKED
2012-01-06,0,200,BLOCKED
2012-01-09,0,200,BLOCKED
2012-01-10,0,200,BLOCKED
2012-01-11,0,200,BLOCKED
2012-01-12,0,200,BLOCKED
2012-01-13,0,200,BLOCKED
2012-01-16,0,200,BLOCKED
2012-01-17,0,200,BLOCKED
2012-01-18,0,200,BLOCKED
2012-01-19,0,200,BLOCKED
2012-01-20,0,200,BLOCKED
2012-01-23,0,200,BLOCKED
2012-01-24,0,200,BLOCKED
2012-01-25,0,200,BLOCKED
2012-01-27,0,200,BLOCKED
2012-01-30,0,200,BLOCKED
2012-01-31,0,200,BLOCKED
2012-02-01,0,200,BLOCKED
2012-02-02,0,200,BLOCKED
2012-02-03,0,200,BLOCKED
2012-02-06,0,200,BLOCKED
2012-02-07,0,200,BLOCKED
2012-02-08,0,200,BLOCKED
2012-02-09,0,200,BLOCKED
2012-02-10,0,200,BLOCKED
2012-02-13,0,200,BLOCKED
2012-02-14,0,200,BLOCKED
2012-02-15,0,200,BLOCKED
2012-02-16,0,200,BLOCKED
2012-02-17,0,200,BLOCKED
2012-02-21,0,200,BLOCKED
2012-02-22,0,200,BLOCKED
2012-02-23,0,200,BLOCKED
2012-02-24,0,200,BLOCKED
2012-02-27,0,200,BLOCKED
2012-02-28,0,200,BLOCKED
2012-02-29,0,200,BLOCKED
2012-03-01,0,200,BLOCKED
2012-03-02,0,200,BLOCKED
2012-03-05,0,200,BLOCKED
2012-03-06,0,200,BLOCKED
2012-03-07,0,200,BLOCKED
2012-03-09,0,200,BLOCKED
2012-03-12,0,200,BLOCKED
2012-03-13,0,200,BLOCKED
2012-03-14,0,200,BLOCKED
2012-03-15,0,200,BLOCKED
2012-03-16,0,200,BLOCKED
2012-03-19,0,200,BLOCKED
2012-03-20,0,200,BLOCKED
2012-03-21,0,200,BLOCKED
2012-03-22,0,200,BLOCKED
2012-03-23,0,200,BLOCKED
2012-03-26,0,200,BLOCKED
2012-03-27,0,200,BLOCKED
2012-03-28,0,200,BLOCKED
2012-03-29,0,200,BLOCKED
2012-03-30,0,200,BLOCKED
2012-04-02,0,200,BLOCKED
2012-04-03,0,200,BLOCKED
2012-04-04,0,200,BLOCKED
2012-04-09,0,200,BLOCKED
2012-04-10,0,200,BLOCKED
2012-04-11,0,200,BLOCKED
2012-04-12,0,200,BLOCKED
2012-04-13,0,200,BLOCKED
2012-04-16,0,200,BLOCKED
2012-04-17,0,200,BLOCKED
2012-04-18,0,200,BLOCKED
2012-04-19,0,200,BLOCKED
2012-04-20,0,200,BLOCKED
2012-04-23,0,200,BLOCKED
2012-04-24,0,200,BLOCKED
2012-04-25,0,200,BLOCKED
2012-04-26,0,200,BLOCKED
2012-04-27,12,200,BLOCKED
2012-04-30,12,200,BLOCKED
2012-05-02,12,200,BLOCKED
2012-05-03,12,200,BLOCKED
2012-05-04,12,200,BLOCKED
2012-05-07,12,200,BLOCKED
2012-05-08,12,200,BLOCKED
2012-05-09,12,200,BLOCKED
2012-05-10,12,200,BLOCKED
2012-05-11,12,200,BLOCKED
2012-05-14,12,200,BLOCKED
2012-05-15,12,200,BLOCKED
2012-05-16,12,200,BLOCKED
2012-05-17,12,200,BLOCKED
2012-05-18,12,200,BLOCKED
2012-05-21,13,200,BLOCKED
2012-05-22,13,200,BLOCKED
2012-05-23,13,200,BLOCKED
2012-05-24,13,200,BLOCKED
2012-05-25,13,200,BLOCKED
2012-05-28,13,200,BLOCKED
2012-05-29,13,200,BLOCKED
2012-05-30,13,200,BLOCKED
2012-05-31,13,200,BLOCKED
2012-06-01,13,200,BLOCKED
2012-06-04,13,200,BLOCKED
2012-06-05,13,200,BLOCKED
2012-06-06,13,200,BLOCKED
2012-06-07,13,200,BLOCKED
2012-06-08,13,200,BLOCKED
2012-06-11,13,200,BLOCKED
2012-06-12,13,200,BLOCKED
2012-06-13,13,200,BLOCKED
2012-06-14,13,200,BLOCKED
2012-06-15,13,200,BLOCKED
2012-06-18,13,200,BLOCKED
2012-06-19,13,200,BLOCKED
2012-06-20,13,200,BLOCKED
2012-06-21,13,200,BLOCKED
2012-06-22,13,200,BLOCKED
2012-06-25,13,200,BLOCKED
2012-06-26,13,200,BLOCKED
2012-06-27,13,200,BLOCKED
2012-06-28,13,200,BLOCKED
2012-06-29,13,200,BLOCKED
2012-07-02,13,200,BLOCKED
2012-07-03,13,200,BLOCKED
2012-07-04,13,200,BLOCKED
2012-07-05,13,200,BLOCKED
2012-07-06,13,200,BLOCKED
2012-07-09,13,200,BLOCKED
2012-07-10,13,200,BLOCKED
2012-07-11,13,200,BLOCKED
2012-07-12,13,200,BLOCKED
2012-07-13,13,200,BLOCKED
2012-07-16,13,200,BLOCKED
2012-07-17,13,200,BLOCKED
2012-07-18,13,200,BLOCKED
2012-07-19,13,200,BLOCKED
2012-07-20,13,200,BLOCKED
2012-07-23,13,200,BLOCKED
2012-07-24,13,200,BLOCKED
2012-07-25,13,200,BLOCKED
2012-07-26,13,200,BLOCKED
2012-07-27,13,200,BLOCKED
2012-07-30,13,200,BLOCKED
2012-07-31,13,200,BLOCKED
2012-08-01,13,200,BLOCKED
2012-08-02,13,200,BLOCKED
2012-08-03,13,200,BLOCKED
2012-08-06,13,200,BLOCKED
2012-08-07,13,200,BLOCKED
2012-08-08,13,200,BLOCKED
2012-08-09,13,200,BLOCKED
2012-08-10,13,200,BLOCKED
2012-08-13,13,200,BLOCKED
2012-08-14,13,200,BLOCKED
2012-08-16,13,200,BLOCKED
2012-08-17,13,200,BLOCKED
2012-08-21,13,200,BLOCKED
2012-08-22,13,200,BLOCKED
2012-08-23,13,200,BLOCKED
2012-08-24,13,200,BLOCKED
2012-08-27,13,200,BLOCKED
2012-08-28,13,200,BLOCKED
2012-08-29,13,200,BLOCKED
2012-08-30,13,200,BLOCKED
2012-08-31,13,200,BLOCKED
2012-09-03,13,200,BLOCKED
2012-09-04,13,200,BLOCKED
2012-09-05,13,200,BLOCKED
2012-09-06,13,200,BLOCKED
2012-09-07,13,200,BLOCKED
2012-09-10,13,200,BLOCKED
2012-09-11,13,200,BLOCKED
2012-09-12,13,200,BLOCKED
2012-09-13,13,200,BLOCKED
2012-09-14,13,200,BLOCKED
2012-09-17,13,200,BLOCKED
2012-09-18,13,200,BLOCKED
2012-09-20,13,200,BLOCKED
2012-09-21,13,200,BLOCKED
2012-09-24,13,200,BLOCKED
2012-09-25,13,200,BLOCKED
2012-09-26,13,200,BLOCKED
2012-09-27,13,200,BLOCKED
2012-09-28,25,200,BLOCKED
2012-10-01,25,200,BLOCKED
2012-10-03,25,200,BLOCKED
2012-10-04,25,200,BLOCKED
2012-10-05,25,200,BLOCKED
2012-10-08,25,200,BLOCKED
2012-10-09,25,200,BLOCKED
2012-10-10,25,200,BLOCKED
2012-10-11,25,200,BLOCKED
2012-10-12,25,200,BLOCKED
2012-10-15,25,200,BLOCKED
2012-10-16,25,200,BLOCKED
2012-10-17,25,200,BLOCKED
2012-10-18,25,200,BLOCKED
2012-10-19,25,200,BLOCKED
2012-10-22,25,200,BLOCKED
2012-10-23,25,200,BLOCKED
2012-10-25,25,200,BLOCKED
2012-10-26,25,200,BLOCKED
2012-10-29,25,200,BLOCKED
2012-10-30,25,200,BLOCKED
2012-10-31,25,200,BLOCKED
2012-11-01,25,200,BLOCKED
2012-11-02,25,200,BLOCKED
2012-11-05,25,200,BLOCKED
2012-11-06,25,200,BLOCKED
2012-11-07,25,200,BLOCKED
2012-11-08,25,200,BLOCKED
2012-11-09,25,200,BLOCKED
2012-11-12,25,200,BLOCKED
2012-11-13,25,200,BLOCKED
2012-11-15,25,200,BLOCKED
2012-11-16,25,200,BLOCKED
2012-11-19,25,200,BLOCKED
2012-11-20,25,200,BLOCKED
2012-11-21,25,200,BLOCKED
2012-11-22,25,200,BLOCKED
2012-11-23,25,200,BLOCKED
2012-11-26,25,200,BLOCKED
2012-11-27,25,200,BLOCKED
2012-11-29,25,200,BLOCKED
2012-11-30,25,200,BLOCKED
2012-12-03,25,200,BLOCKED
2012-12-04,25,200,BLOCKED
2012-12-05,25,200,BLOCKED
2012-12-06,25,200,BLOCKED
2012-12-07,25,200,BLOCKED
2012-12-10,25,200,BLOCKED
2012-12-11,25,200,BLOCKED
2012-12-12,25,200,BLOCKED
2012-12-13,25,200,BLOCKED
2012-12-14,25,200,BLOCKED
2012-12-17,25,200,BLOCKED
2012-12-18,25,200,BLOCKED
2012-12-19,25,200,BLOCKED
2012-12-20,25,200,BLOCKED
2012-12-21,25,200,BLOCKED
2012-12-24,25,200,BLOCKED
2012-12-26,25,200,BLOCKED
2012-12-27,25,200,BLOCKED
2012-12-28,25,200,BLOCKED
2012-12-31,25,200,BLOCKED
2013-01-01,25,200,BLOCKED
2013-01-02,25,200,BLOCKED
2013-01-03,25,200,BLOCKED
2013-01-04,25,200,BLOCKED
2013-01-07,25,200,BLOCKED
2013-01-08,25,200,BLOCKED
2013-01-09,25,200,BLOCKED
2013-01-10,25,200,BLOCKED
2013-01-11,25,200,BLOCKED
2013-01-14,25,200,BLOCKED
2013-01-15,25,200,BLOCKED
2013-01-16,25,200,BLOCKED
2013-01-17,25,200,BLOCKED
2013-01-18,25,200,BLOCKED
2013-01-21,25,200,BLOCKED
2013-01-22,25,200,BLOCKED
2013-01-23,25,200,BLOCKED
2013-01-24,25,200,BLOCKED
2013-01-25,25,200,BLOCKED
2013-01-28,25,200,BLOCKED
2013-01-29,25,200,BLOCKED
2013-01-30,25,200,BLOCKED
2013-01-31,25,200,BLOCKED
2013-02-01,25,200,BLOCKED
2013-02-04,25,200,BLOCKED
2013-02-05,25,200,BLOCKED
2013-02-06,25,200,BLOCKED
2013-02-07,25,200,BLOCKED
2013-02-08,25,200,BLOCKED
2013-02-11,25,200,BLOCKED
2013-02-12,25,200,BLOCKED
2013-02-13,25,200,BLOCKED
2013-02-14,25,200,BLOCKED
2013-02-15,25,200,BLOCKED
2013-02-18,25,200,BLOCKED
2013-02-19,25,200,BLOCKED
2013-02-20,25,200,BLOCKED
2013-02-21,25,200,BLOCKED
2013-02-22,25,200,BLOCKED
2013-02-25,25,200,BLOCKED
2013-02-26,25,200,BLOCKED
2013-02-27,25,200,BLOCKED
2013-02-28,25,200,BLOCKED
2013-03-01,25,200,BLOCKED
2013-03-04,25,200,BLOCKED
2013-03-05,25,200,BLOCKED
2013-03-06,25,200,BLOCKED
2013-03-07,25,200,BLOCKED
2013-03-08,25,200,BLOCKED
2013-03-11,25,200,BLOCKED
2013-03-12,25,200,BLOCKED
2013-03-13,25,200,BLOCKED
2013-03-14,25,200,BLOCKED
2013-03-15,25,200,BLOCKED
2013-03-18,25,200,BLOCKED
2013-03-19,26,200,BLOCKED
2013-03-20,26,200,BLOCKED
2013-03-21,26,200,BLOCKED
2013-03-22,26,200,BLOCKED
2013-03-25,26,200,BLOCKED
2013-03-26,26,200,BLOCKED
2013-03-28,26,200,BLOCKED
2013-04-01,35,200,BLOCKED
2013-04-02,35,200,BLOCKED
2013-04-03,35,200,BLOCKED
2013-04-04,35,200,BLOCKED
2013-04-05,35,200,BLOCKED
2013-04-08,35,200,BLOCKED
2013-04-09,35,200,BLOCKED
2013-04-10,35,200,BLOCKED
2013-04-11,35,200,BLOCKED
2013-04-12,35,200,BLOCKED
2013-04-15,35,200,BLOCKED
2013-04-16,35,200,BLOCKED
2013-04-17,36,200,BLOCKED
2013-04-18,36,200,BLOCKED
2013-04-22,36,200,BLOCKED
2013-04-23,36,200,BLOCKED
2013-04-25,36,200,BLOCKED
2013-04-26,36,200,BLOCKED
2013-04-29,36,200,BLOCKED
2013-04-30,36,200,BLOCKED
2013-05-02,36,200,BLOCKED
2013-05-03,36,200,BLOCKED
2013-05-06,36,200,BLOCKED
2013-05-07,36,200,BLOCKED
2013-05-08,36,200,BLOCKED
2013-05-09,36,200,BLOCKED
2013-05-10,36,200,BLOCKED
2013-05-13,36,200,BLOCKED
2013-05-14,36,200,BLOCKED
2013-05-15,36,200,BLOCKED
2013-05-16,36,200,BLOCKED
2013-05-17,36,200,BLOCKED
2013-05-20,36,200,BLOCKED
2013-05-21,36,200,BLOCKED
2013-05-22,36,200,BLOCKED
2013-05-23,36,200,BLOCKED
2013-05-24,36,200,BLOCKED
2013-05-27,36,200,BLOCKED
2013-05-28,36,200,BLOCKED
2013-05-29,36,200,BLOCKED
2013-05-30,36,200,BLOCKED
2013-05-31,36,200,BLOCKED
2013-06-03,36,200,BLOCKED
2013-06-04,36,200,BLOCKED
2013-06-05,36,200,BLOCKED
2013-06-06,36,200,BLOCKED
2013-06-07,36,200,BLOCKED
2013-06-10,36,200,BLOCKED
2013-06-11,36,200,BLOCKED
2013-06-12,36,200,BLOCKED
2013-06-13,36,200,BLOCKED
2013-06-14,36,200,BLOCKED
2013-06-17,36,200,BLOCKED
2013-06-18,36,200,BLOCKED
2013-06-19,36,200,BLOCKED
2013-06-20,36,200,BLOCKED
2013-06-21,36,200,BLOCKED
2013-06-24,36,200,BLOCKED
2013-06-25,36,200,BLOCKED
2013-06-26,36,200,BLOCKED
2013-06-27,36,200,BLOCKED
2013-06-28,36,200,BLOCKED
2013-07-01,36,200,BLOCKED
2013-07-02,36,200,BLOCKED
2013-07-03,36,200,BLOCKED
2013-07-04,36,200,BLOCKED
2013-07-05,36,200,BLOCKED
2013-07-08,36,200,BLOCKED
2013-07-09,36,200,BLOCKED
2013-07-10,36,200,BLOCKED
2013-07-11,36,200,BLOCKED
2013-07-12,36,200,BLOCKED
2013-07-15,36,200,BLOCKED
2013-07-16,36,200,BLOCKED
2013-07-17,36,200,BLOCKED
2013-07-18,36,200,BLOCKED
2013-07-19,36,200,BLOCKED
2013-07-22,36,200,BLOCKED
2013-07-23,36,200,BLOCKED
2013-07-24,36,200,BLOCKED
2013-07-25,36,200,BLOCKED
2013-07-26,36,200,BLOCKED
2013-07-29,36,200,BLOCKED
2013-07-30,36,200,BLOCKED
2013-07-31,36,200,BLOCKED
2013-08-01,36,200,BLOCKED
2013-08-02,36,200,BLOCKED
2013-08-05,36,200,BLOCKED
2013-08-06,36,200,BLOCKED
2013-08-07,36,200,BLOCKED
2013-08-08,36,200,BLOCKED
2013-08-12,36,200,BLOCKED
2013-08-13,36,200,BLOCKED
2013-08-14,36,200,BLOCKED
2013-08-16,36,200,BLOCKED
2013-08-19,36,200,BLOCKED
2013-08-20,36,200,BLOCKED
2013-08-21,36,200,BLOCKED
2013-08-22,36,200,BLOCKED
2013-08-23,36,200,BLOCKED
2013-08-26,36,200,BLOCKED
2013-08-27,36,200,BLOCKED
2013-08-28,36,200,BLOCKED
2013-08-29,36,200,BLOCKED
2013-08-30,36,200,BLOCKED
2013-09-02,36,200,BLOCKED
2013-09-03,36,200,BLOCKED
2013-09-04,36,200,BLOCKED
2013-09-05,36,200,BLOCKED
2013-09-06,36,200,BLOCKED
2013-09-10,36,200,BLOCKED
2013-09-11,36,200,BLOCKED
2013-09-12,36,200,BLOCKED
2013-09-13,36,200,BLOCKED
2013-09-16,36,200,BLOCKED
2013-09-17,36,200,BLOCKED
2013-09-18,36,200,BLOCKED
2013-09-19,36,200,BLOCKED
2013-09-20,36,200,BLOCKED
2013-09-23,36,200,BLOCKED
2013-09-24,36,200,BLOCKED
2013-09-25,36,200,BLOCKED
2013-09-26,36,200,BLOCKED
2013-09-27,43,200,BLOCKED
2013-09-30,43,200,BLOCKED
2013-10-01,43,200,BLOCKED
2013-10-03,43,200,BLOCKED
2013-10-04,43,200,BLOCKED
2013-10-07,43,200,BLOCKED
2013-10-08,43,200,BLOCKED
2013-10-09,43,200,BLOCKED
2013-10-10,43,200,BLOCKED
2013-10-11,43,200,BLOCKED
2013-10-14,43,200,BLOCKED
2013-10-15,43,200,BLOCKED
2013-10-17,43,200,BLOCKED
2013-10-18,43,200,BLOCKED
2013-10-21,43,200,BLOCKED
2013-10-22,43,200,BLOCKED
2013-10-23,43,200,BLOCKED
2013-10-24,43,200,BLOCKED
2013-10-25,43,200,BLOCKED
2013-10-28,43,200,BLOCKED
2013-10-29,43,200,BLOCKED
2013-10-30,43,200,BLOCKED
2013-10-31,43,200,BLOCKED
2013-11-01,44,200,BLOCKED
2013-11-05,44,200,BLOCKED
2013-11-06,44,200,BLOCKED
2013-11-07,44,200,BLOCKED
2013-11-08,44,200,BLOCKED
2013-11-11,44,200,BLOCKED
2013-11-12,44,200,BLOCKED
2013-11-13,44,200,BLOCKED
2013-11-14,44,200,BLOCKED
2013-11-18,45,200,BLOCKED
2013-11-19,45,200,BLOCKED
2013-11-20,45,200,BLOCKED
2013-11-21,45,200,BLOCKED
2013-11-22,45,200,BLOCKED
2013-11-25,45,200,BLOCKED
2013-11-26,45,200,BLOCKED
2013-11-27,45,200,BLOCKED
2013-11-28,45,200,BLOCKED
2013-11-29,45,200,BLOCKED
2013-12-02,45,200,BLOCKED
2013-12-03,45,200,BLOCKED
2013-12-04,45,200,BLOCKED
2013-12-05,45,200,BLOCKED
2013-12-06,45,200,BLOCKED
2013-12-09,45,200,BLOCKED
2013-12-10,45,200,BLOCKED
2013-12-11,45,200,BLOCKED
2013-12-12,45,200,BLOCKED
2013-12-13,45,200,BLOCKED
2013-12-16,45,200,BLOCKED
2013-12-17,45,200,BLOCKED
2013-12-18,45,200,BLOCKED
2013-12-19,45,200,BLOCKED
2013-12-20,45,200,BLOCKED
2013-12-23,45,200,BLOCKED
2013-12-24,45,200,BLOCKED
2013-12-26,45,200,BLOCKED
2013-12-27,45,200,BLOCKED
2013-12-30,45,200,BLOCKED
2013-12-31,45,200,BLOCKED
2014-01-01,45,200,BLOCKED
2014-01-02,45,200,BLOCKED
2014-01-03,45,200,BLOCKED
2014-01-06,45,200,BLOCKED
2014-01-07,45,200,BLOCKED
2014-01-08,45,200,BLOCKED
2014-01-09,45,200,BLOCKED
2014-01-10,45,200,BLOCKED
2014-01-13,45,200,BLOCKED
2014-01-14,45,200,BLOCKED
2014-01-15,45,200,BLOCKED
2014-01-16,45,200,BLOCKED
2014-01-17,45,200,BLOCKED
2014-01-20,45,200,BLOCKED
2014-01-21,45,200,BLOCKED
2014-01-22,45,200,BLOCKED
2014-01-23,45,200,BLOCKED
2014-01-24,45,200,BLOCKED
2014-01-27,45,200,BLOCKED
2014-01-28,45,200,BLOCKED
2014-01-29,45,200,BLOCKED
2014-01-30,45,200,BLOCKED
2014-01-31,45,200,BLOCKED
2014-02-03,45,200,BLOCKED
2014-02-04,45,200,BLOCKED
2014-02-05,45,200,BLOCKED
2014-02-06,45,200,BLOCKED
2014-02-07,45,200,BLOCKED
2014-02-10,45,200,BLOCKED
2014-02-11,45,200,BLOCKED
2014-02-12,45,200,BLOCKED
2014-02-13,45,200,BLOCKED
2014-02-14,45,200,BLOCKED
2014-02-17,45,200,BLOCKED
2014-02-18,45,200,BLOCKED
2014-02-19,45,200,BLOCKED
2014-02-20,45,200,BLOCKED
2014-02-21,45,200,BLOCKED
2014-02-24,45,200,BLOCKED
2014-02-25,45,200,BLOCKED
2014-02-26,45,200,BLOCKED
2014-02-28,46,200,BLOCKED
2014-03-03,46,200,BLOCKED
2014-03-04,46,200,BLOCKED
2014-03-05,46,200,BLOCKED
2014-03-06,46,200,BLOCKED
2014-03-07,46,200,BLOCKED
2014-03-10,46,200,BLOCKED
2014-03-11,46,200,BLOCKED
2014-03-12,46,200,BLOCKED
2014-03-13,46,200,BLOCKED
2014-03-14,46,200,BLOCKED
2014-03-18,46,200,BLOCKED
2014-03-19,46,200,BLOCKED
2014-03-20,46,200,BLOCKED
2014-03-21,46,200,BLOCKED
2014-03-24,46,200,BLOCKED
2014-03-25,46,200,BLOCKED
2014-03-26,46,200,BLOCKED
2014-03-27,46,200,BLOCKED
2014-03-28,54,200,BLOCKED
2014-03-31,54,200,BLOCKED
2014-04-01,54,200,BLOCKED
2014-04-02,54,200,BLOCKED
2014-04-03,54,200,BLOCKED
2014-04-04,54,200,BLOCKED
2014-04-07,54,200,BLOCKED
2014-04-09,54,200,BLOCKED
2014-04-10,54,200,BLOCKED
2014-04-11,54,200,BLOCKED
2014-04-15,54,200,BLOCKED
2014-04-16,54,200,BLOCKED
2014-04-17,54,200,BLOCKED
2014-04-21,54,200,BLOCKED
2014-04-22,54,200,BLOCKED
2014-04-23,54,200,BLOCKED
2014-04-25,54,200,BLOCKED
2014-04-28,54,200,BLOCKED
2014-04-29,54,200,BLOCKED
2014-04-30,54,200,BLOCKED
2014-05-02,54,200,BLOCKED
2014-05-05,54,200,BLOCKED
2014-05-06,54,200,BLOCKED
2014-05-07,54,200,BLOCKED
2014-05-08,54,200,BLOCKED
2014-05-09,54,200,BLOCKED
2014-05-12,54,200,BLOCKED
2014-05-13,54,200,BLOCKED
2014-05-14,54,200,BLOCKED
2014-05-15,54,200,BLOCKED
2014-05-16,54,200,BLOCKED
2014-05-19,54,200,BLOCKED
2014-05-20,54,200,BLOCKED
2014-05-21,54,200,BLOCKED
2014-05-22,54,200,BLOCKED
2014-05-23,54,200,BLOCKED
2014-05-26,54,200,BLOCKED
2014-05-27,54,200,BLOCKED
2014-05-28,54,200,BLOCKED
2014-05-29,54,200,BLOCKED
2014-05-30,54,200,BLOCKED
2014-06-02,54,200,BLOCKED
2014-06-03,54,200,BLOCKED
2014-06-04,54,200,BLOCKED
2014-06-05,54,200,BLOCKED
2014-06-06,54,200,BLOCKED
2014-06-09,54,200,BLOCKED
2014-06-10,54,200,BLOCKED
2014-06-11,54,200,BLOCKED
2014-06-12,54,200,BLOCKED
2014-06-13,54,200,BLOCKED
2014-06-16,54,200,BLOCKED
2014-06-17,54,200,BLOCKED
2014-06-18,54,200,BLOCKED
2014-06-19,54,200,BLOCKED
2014-06-20,54,200,BLOCKED
2014-06-23,54,200,BLOCKED
2014-06-24,54,200,BLOCKED
2014-06-25,54,200,BLOCKED
2014-06-26,54,200,BLOCKED
2014-06-27,54,200,BLOCKED
2014-06-30,54,200,BLOCKED
2014-07-01,54,200,BLOCKED
2014-07-02,54,200,BLOCKED
2014-07-03,54,200,BLOCKED
2014-07-04,54,200,BLOCKED
2014-07-07,54,200,BLOCKED
2014-07-08,54,200,BLOCKED
2014-07-09,54,200,BLOCKED
2014-07-10,54,200,BLOCKED
2014-07-11,54,200,BLOCKED
2014-07-14,54,200,BLOCKED
2014-07-15,54,200,BLOCKED
2014-07-16,54,200,BLOCKED
2014-07-17,54,200,BLOCKED
2014-07-18,54,200,BLOCKED
2014-07-21,54,200,BLOCKED
2014-07-22,54,200,BLOCKED
2014-07-23,54,200,BLOCKED
2014-07-24,54,200,BLOCKED
2014-07-25,54,200,BLOCKED
2014-07-28,54,200,BLOCKED
2014-07-30,54,200,BLOCKED
2014-07-31,54,200,BLOCKED
2014-08-01,54,200,BLOCKED
2014-08-04,54,200,BLOCKED
2014-08-05,54,200,BLOCKED
2014-08-06,54,200,BLOCKED
2014-08-07,54,200,BLOCKED
2014-08-08,54,200,BLOCKED
2014-08-11,54,200,BLOCKED
2014-08-12,54,200,BLOCKED
2014-08-13,54,200,BLOCKED
2014-08-14,54,200,BLOCKED
2014-08-18,54,200,BLOCKED
2014-08-19,54,200,BLOCKED
2014-08-20,54,200,BLOCKED
2014-08-21,54,200,BLOCKED
2014-08-22,54,200,BLOCKED
2014-08-25,54,200,BLOCKED
2014-08-26,54,200,BLOCKED
2014-08-27,54,200,BLOCKED
2014-08-28,54,200,BLOCKED
2014-09-01,54,200,BLOCKED
2014-09-02,54,200,BLOCKED
2014-09-03,54,200,BLOCKED
2014-09-04,54,200,BLOCKED
2014-09-05,54,200,BLOCKED
2014-09-08,54,200,BLOCKED
2014-09-09,54,200,BLOCKED
2014-09-10,54,200,BLOCKED
2014-09-11,54,200,BLOCKED
2014-09-12,54,200,BLOCKED
2014-09-15,54,200,BLOCKED
2014-09-16,54,200,BLOCKED
2014-09-17,54,200,BLOCKED
2014-09-18,54,200,BLOCKED
2014-09-19,62,200,BLOCKED
2014-09-22,62,200,BLOCKED
2014-09-23,62,200,BLOCKED
2014-09-24,62,200,BLOCKED
2014-09-25,62,200,BLOCKED
2014-09-26,62,200,BLOCKED
2014-09-29,62,200,BLOCKED
2014-09-30,62,200,BLOCKED
2014-10-01,62,200,BLOCKED
2014-10-07,62,200,BLOCKED
2014-10-08,62,200,BLOCKED
2014-10-09,62,200,BLOCKED
2014-10-10,62,200,BLOCKED
2014-10-13,62,200,BLOCKED
2014-10-14,62,200,BLOCKED
2014-10-16,62,200,BLOCKED
2014-10-17,62,200,BLOCKED
2014-10-20,62,200,BLOCKED
2014-10-21,62,200,BLOCKED
2014-10-22,62,200,BLOCKED
2014-10-23,62,200,BLOCKED
2014-10-27,62,200,BLOCKED
2014-10-28,62,200,BLOCKED
2014-10-29,62,200,BLOCKED
2014-10-30,62,200,BLOCKED
2014-10-31,62,200,BLOCKED
2014-11-03,62,200,BLOCKED
2014-11-05,62,200,BLOCKED
2014-11-07,62,200,BLOCKED
2014-11-10,62,200,BLOCKED
2014-11-11,62,200,BLOCKED
2014-11-12,62,200,BLOCKED
2014-11-13,62,200,BLOCKED
2014-11-14,62,200,BLOCKED
2014-11-17,62,200,BLOCKED
2014-11-18,62,200,BLOCKED
2014-11-19,62,200,BLOCKED
2014-11-20,62,200,BLOCKED
2014-11-21,62,200,BLOCKED
2014-11-24,62,200,BLOCKED
2014-11-25,62,200,BLOCKED
2014-11-26,62,200,BLOCKED
2014-11-27,62,200,BLOCKED
2014-11-28,63,200,BLOCKED
2014-12-01,63,200,BLOCKED
2014-12-02,63,200,BLOCKED
2014-12-03,63,200,BLOCKED
2014-12-04,63,200,BLOCKED
2014-12-05,63,200,BLOCKED
2014-12-08,63,200,BLOCKED
2014-12-09,63,200,BLOCKED
2014-12-10,63,200,BLOCKED
2014-12-11,63,200,BLOCKED
2014-12-12,63,200,BLOCKED
2014-12-15,63,200,BLOCKED
2014-12-16,63,200,BLOCKED
2014-12-17,63,200,BLOCKED
2014-12-18,63,200,BLOCKED
2014-12-19,63,200,BLOCKED
2014-12-22,63,200,BLOCKED
2014-12-23,63,200,BLOCKED
2014-12-24,63,200,BLOCKED
2014-12-26,63,200,BLOCKED
2014-12-29,63,200,BLOCKED
2014-12-30,63,200,BLOCKED
2014-12-31,63,200,BLOCKED
2015-01-01,63,200,BLOCKED
2015-01-02,63,200,BLOCKED
2015-01-05,63,200,BLOCKED
2015-01-06,63,200,BLOCKED
2015-01-07,63,200,BLOCKED
2015-01-08,63,200,BLOCKED
2015-01-09,63,200,BLOCKED
2015-01-12,63,200,BLOCKED
2015-01-13,63,200,BLOCKED
2015-01-14,63,200,BLOCKED
2015-01-15,63,200,BLOCKED
2015-01-16,63,200,BLOCKED
2015-01-19,63,200,BLOCKED
2015-01-20,63,200,BLOCKED
2015-01-21,63,200,BLOCKED
2015-01-22,63,200,BLOCKED
2015-01-23,63,200,BLOCKED
2015-01-27,63,200,BLOCKED
2015-01-28,63,200,BLOCKED
2015-01-29,63,200,BLOCKED
2015-01-30,63,200,BLOCKED
2015-02-02,63,200,BLOCKED
2015-02-03,63,200,BLOCKED
2015-02-04,63,200,BLOCKED
2015-02-05,63,200,BLOCKED
2015-02-06,63,200,BLOCKED
2015-02-09,63,200,BLOCKED
2015-02-10,63,200,BLOCKED
2015-02-11,63,200,BLOCKED
2015-02-12,63,200,BLOCKED
2015-02-13,63,200,BLOCKED
2015-02-16,63,200,BLOCKED
2015-02-18,63,200,BLOCKED
2015-02-19,63,200,BLOCKED
2015-02-20,63,200,BLOCKED
2015-02-23,63,200,BLOCKED
2015-02-24,63,200,BLOCKED
2015-02-25,63,200,BLOCKED
2015-02-26,63,200,BLOCKED
2015-02-27,63,200,BLOCKED
2015-03-02,63,200,BLOCKED
2015-03-03,63,200,BLOCKED
2015-03-04,63,200,BLOCKED
2015-03-05,63,200,BLOCKED
2015-03-09,63,200,BLOCKED
2015-03-10,63,200,BLOCKED
2015-03-11,63,200,BLOCKED
2015-03-12,63,200,BLOCKED
2015-03-13,63,200,BLOCKED
2015-03-16,63,200,BLOCKED
2015-03-17,63,200,BLOCKED
2015-03-18,63,200,BLOCKED
2015-03-19,63,200,BLOCKED
2015-03-20,63,200,BLOCKED
2015-03-23,63,200,BLOCKED
2015-03-24,63,200,BLOCKED
2015-03-25,63,200,BLOCKED
2015-03-26,63,200,BLOCKED
2015-03-27,66,200,BLOCKED
2015-03-30,66,200,BLOCKED
2015-03-31,66,200,BLOCKED
2015-04-01,66,200,BLOCKED
2015-04-06,66,200,BLOCKED
2015-04-07,66,200,BLOCKED
2015-04-08,66,200,BLOCKED
2015-04-09,66,200,BLOCKED
2015-04-10,66,200,BLOCKED
2015-04-13,66,200,BLOCKED
2015-04-15,66,200,BLOCKED
2015-04-16,66,200,BLOCKED
2015-04-17,66,200,BLOCKED
2015-04-20,66,200,BLOCKED
2015-04-21,66,200,BLOCKED
2015-04-22,66,200,BLOCKED
2015-04-23,66,200,BLOCKED
2015-04-24,66,200,BLOCKED
2015-04-27,66,200,BLOCKED
2015-04-28,66,200,BLOCKED
2015-04-29,66,200,BLOCKED
2015-04-30,66,200,BLOCKED
2015-05-04,66,200,BLOCKED
2015-05-05,66,200,BLOCKED
2015-05-06,66,200,BLOCKED
2015-05-07,66,200,BLOCKED
2015-05-08,66,200,BLOCKED
2015-05-11,66,200,BLOCKED
2015-05-12,66,200,BLOCKED
2015-05-13,66,200,BLOCKED
2015-05-14,66,200,BLOCKED
2015-05-15,66,200,BLOCKED
2015-05-18,66,200,BLOCKED
2015-05-19,66,200,BLOCKED
2015-05-20,66,200,BLOCKED
2015-05-21,66,200,BLOCKED
2015-05-22,66,200,BLOCKED
2015-05-25,66,200,BLOCKED
2015-05-26,66,200,BLOCKED
2015-05-27,66,200,BLOCKED
2015-05-28,66,200,BLOCKED
2015-05-29,68,200,BLOCKED
2015-06-01,68,200,BLOCKED
2015-06-02,68,200,BLOCKED
2015-06-03,68,200,BLOCKED
2015-06-04,68,200,BLOCKED
2015-06-05,68,200,BLOCKED
2015-06-08,68,200,BLOCKED
2015-06-09,68,200,BLOCKED
2015-06-10,68,200,BLOCKED
2015-06-11,68,200,BLOCKED
2015-06-12,68,200,BLOCKED
2015-06-15,68,200,BLOCKED
2015-06-16,68,200,BLOCKED
2015-06-17,68,200,BLOCKED
2015-06-18,68,200,BLOCKED
2015-06-19,68,200,BLOCKED
2015-06-22,68,200,BLOCKED
2015-06-23,68,200,BLOCKED
2015-06-24,68,200,BLOCKED
2015-06-25,68,200,BLOCKED
2015-06-26,68,200,BLOCKED
2015-06-29,68,200,BLOCKED
2015-06-30,68,200,BLOCKED
2015-07-01,68,200,BLOCKED
2015-07-02,68,200,BLOCKED
2015-07-03,68,200,BLOCKED
2015-07-06,68,200,BLOCKED
2015-07-07,68,200,BLOCKED
2015-07-08,68,200,BLOCKED
2015-07-09,68,200,BLOCKED
2015-07-10,68,200,BLOCKED
2015-07-13,68,200,BLOCKED
2015-07-14,68,200,BLOCKED
2015-07-15,68,200,BLOCKED
2015-07-16,68,200,BLOCKED
2015-07-17,68,200,BLOCKED
2015-07-20,68,200,BLOCKED
2015-07-21,68,200,BLOCKED
2015-07-22,68,200,BLOCKED
2015-07-23,68,200,BLOCKED
2015-07-24,68,200,BLOCKED
2015-07-27,68,200,BLOCKED
2015-07-28,68,200,BLOCKED
2015-07-29,68,200,BLOCKED
2015-07-30,68,200,BLOCKED
2015-07-31,68,200,BLOCKED
2015-08-03,68,200,BLOCKED
2015-08-04,68,200,BLOCKED
2015-08-05,68,200,BLOCKED
2015-08-06,68,200,BLOCKED
2015-08-07,68,200,BLOCKED
2015-08-10,68,200,BLOCKED
2015-08-11,68,200,BLOCKED
2015-08-12,68,200,BLOCKED
2015-08-13,68,200,BLOCKED
2015-08-14,68,200,BLOCKED
2015-08-17,68,200,BLOCKED
2015-08-18,68,200,BLOCKED
2015-08-19,68,200,BLOCKED
2015-08-20,68,200,BLOCKED
2015-08-21,68,200,BLOCKED
2015-08-24,68,200,BLOCKED
2015-08-25,68,200,BLOCKED
2015-08-26,68,200,BLOCKED
2015-08-27,68,200,BLOCKED
2015-08-28,68,200,BLOCKED
2015-08-31,68,200,BLOCKED
2015-09-01,68,200,BLOCKED
2015-09-02,68,200,BLOCKED
2015-09-03,68,200,BLOCKED
2015-09-04,68,200,BLOCKED
2015-09-07,68,200,BLOCKED
2015-09-08,68,200,BLOCKED
2015-09-09,68,200,BLOCKED
2015-09-10,68,200,BLOCKED
2015-09-11,68,200,BLOCKED
2015-09-14,68,200,BLOCKED
2015-09-15,68,200,BLOCKED
2015-09-16,68,200,BLOCKED
2015-09-18,68,200,BLOCKED
2015-09-21,68,200,BLOCKED
2015-09-22,68,200,BLOCKED
2015-09-23,68,200,BLOCKED
2015-09-24,68,200,BLOCKED
2015-09-28,74,200,BLOCKED
2015-09-29,74,200,BLOCKED
2015-09-30,74,200,BLOCKED
2015-10-01,74,200,BLOCKED
2015-10-05,74,200,BLOCKED
2015-10-06,74,200,BLOCKED
2015-10-07,74,200,BLOCKED
2015-10-08,74,200,BLOCKED
2015-10-09,74,200,BLOCKED
2015-10-12,74,200,BLOCKED
2015-10-13,74,200,BLOCKED
2015-10-14,74,200,BLOCKED
2015-10-15,74,200,BLOCKED
2015-10-16,74,200,BLOCKED
2015-10-19,75,200,BLOCKED
2015-10-20,75,200,BLOCKED
2015-10-21,75,200,BLOCKED
2015-10-23,75,200,BLOCKED
2015-10-26,75,200,BLOCKED
2015-10-27,75,200,BLOCKED
2015-10-28,75,200,BLOCKED
2015-10-29,75,200,BLOCKED
2015-10-30,75,200,BLOCKED
2015-11-02,75,200,BLOCKED
2015-11-03,75,200,BLOCKED
2015-11-04,75,200,BLOCKED
2015-11-05,75,200,BLOCKED
2015-11-06,75,200,BLOCKED
2015-11-09,75,200,BLOCKED
2015-11-10,75,200,BLOCKED
2015-11-11,75,200,BLOCKED
2015-11-13,75,200,BLOCKED
2015-11-16,75,200,BLOCKED
2015-11-17,75,200,BLOCKED
2015-11-18,75,200,BLOCKED
2015-11-19,75,200,BLOCKED
2015-11-20,75,200,BLOCKED
2015-11-23,75,200,BLOCKED
2015-11-24,75,200,BLOCKED
2015-11-26,75,200,BLOCKED
2015-11-27,75,200,BLOCKED
2015-11-30,75,200,BLOCKED
2015-12-01,75,200,BLOCKED
2015-12-02,75,200,BLOCKED
2015-12-03,75,200,BLOCKED
2015-12-04,75,200,BLOCKED
2015-12-07,75,200,BLOCKED
2015-12-08,75,200,BLOCKED
2015-12-09,75,200,BLOCKED
2015-12-10,75,200,BLOCKED
2015-12-11,75,200,BLOCKED
2015-12-14,75,200,BLOCKED
2015-12-15,75,200,BLOCKED
2015-12-16,75,200,BLOCKED
2015-12-17,75,200,BLOCKED
2015-12-18,75,200,BLOCKED
2015-12-21,75,200,BLOCKED
2015-12-22,75,200,BLOCKED
2015-12-23,75,200,BLOCKED
2015-12-24,75,200,BLOCKED
2015-12-28,75,200,BLOCKED
2015-12-29,75,200,BLOCKED
2015-12-30,75,200,BLOCKED
2015-12-31,75,200,BLOCKED
2016-01-01,75,200,BLOCKED
2016-01-04,75,200,BLOCKED
2016-01-05,75,200,BLOCKED
2016-01-06,75,200,BLOCKED
2016-01-07,75,200,BLOCKED
2016-01-08,75,200,BLOCKED
2016-01-11,75,200,BLOCKED
2016-01-12,75,200,BLOCKED
2016-01-13,75,200,BLOCKED
2016-01-14,75,200,BLOCKED
2016-01-15,75,200,BLOCKED
2016-01-18,75,200,BLOCKED
2016-01-19,75,200,BLOCKED
2016-01-20,75,200,BLOCKED
2016-01-21,75,200,BLOCKED
2016-01-22,75,200,BLOCKED
2016-01-25,75,200,BLOCKED
2016-01-27,75,200,BLOCKED
2016-01-28,75,200,BLOCKED
2016-01-29,75,200,BLOCKED
2016-02-01,75,200,BLOCKED
2016-02-02,75,200,BLOCKED
2016-02-03,75,200,BLOCKED
2016-02-04,75,200,BLOCKED
2016-02-05,75,200,BLOCKED
2016-02-08,75,200,BLOCKED
2016-02-09,75,200,BLOCKED
2016-02-10,75,200,BLOCKED
2016-02-11,75,200,BLOCKED
2016-02-12,75,200,BLOCKED
2016-02-15,75,200,BLOCKED
2016-02-16,75,200,BLOCKED
2016-02-17,75,200,BLOCKED
2016-02-18,75,200,BLOCKED
2016-02-19,75,200,BLOCKED
2016-02-22,75,200,BLOCKED
2016-02-23,75,200,BLOCKED
2016-02-24,75,200,BLOCKED
2016-02-25,75,200,BLOCKED
2016-02-26,75,200,BLOCKED
2016-02-29,75,200,BLOCKED
2016-03-01,75,200,BLOCKED
2016-03-02,75,200,BLOCKED
2016-03-03,75,200,BLOCKED
2016-03-04,75,200,BLOCKED
2016-03-08,75,200,BLOCKED
2016-03-09,75,200,BLOCKED
2016-03-10,75,200,BLOCKED
2016-03-11,75,200,BLOCKED
2016-03-14,75,200,BLOCKED
2016-03-15,75,200,BLOCKED
2016-03-16,75,200,BLOCKED
2016-03-17,75,200,BLOCKED
2016-03-18,75,200,BLOCKED
2016-03-21,75,200,BLOCKED
2016-03-22,75,200,BLOCKED
2016-03-23,75,200,BLOCKED
2016-03-28,75,200,BLOCKED
2016-03-29,75,200,BLOCKED
2016-03-30,75,200,BLOCKED
2016-03-31,75,200,BLOCKED
2016-04-01,91,201,BLOCKED
2016-04-04,91,201,BLOCKED
2016-04-05,91,201,BLOCKED
2016-04-06,91,201,BLOCKED
2016-04-07,91,201,BLOCKED
2016-04-08,91,201,BLOCKED
2016-04-11,91,201,BLOCKED
2016-04-12,91,201,BLOCKED
2016-04-13,91,201,BLOCKED
2016-04-18,91,201,BLOCKED
2016-04-20,91,201,BLOCKED
2016-04-21,91,201,BLOCKED
2016-04-22,91,201,BLOCKED
2016-04-25,91,201,BLOCKED
2016-04-26,91,201,BLOCKED
2016-04-27,91,201,BLOCKED
2016-04-28,91,201,BLOCKED
2016-04-29,91,201,BLOCKED
2016-05-02,91,201,BLOCKED
2016-05-03,91,201,BLOCKED
2016-05-04,91,201,BLOCKED
2016-05-05,91,201,BLOCKED
2016-05-06,91,201,BLOCKED
2016-05-09,91,201,BLOCKED
2016-05-10,91,201,BLOCKED
2016-05-11,91,201,BLOCKED
2016-05-12,91,201,BLOCKED
2016-05-13,91,201,BLOCKED
2016-05-16,91,201,BLOCKED
2016-05-17,91,201,BLOCKED
2016-05-18,91,201,BLOCKED
2016-05-19,91,201,BLOCKED
2016-05-20,91,201,BLOCKED
2016-05-23,91,201,BLOCKED
2016-05-24,91,201,BLOCKED
2016-05-25,91,201,BLOCKED
2016-05-26,91,201,BLOCKED
2016-05-27,91,201,BLOCKED
2016-05-30,91,201,BLOCKED
2016-05-31,91,201,BLOCKED
2016-06-01,91,201,BLOCKED
2016-06-02,91,201,BLOCKED
2016-06-03,91,201,BLOCKED
2016-06-06,91,201,BLOCKED
2016-06-07,91,201,BLOCKED
2016-06-08,91,201,BLOCKED
2016-06-09,91,201,BLOCKED
2016-06-10,91,201,BLOCKED
2016-06-13,91,201,BLOCKED
2016-06-14,91,201,BLOCKED
2016-06-15,91,201,BLOCKED
2016-06-16,91,201,BLOCKED
2016-06-17,91,201,BLOCKED
2016-06-20,91,201,BLOCKED
2016-06-21,91,201,BLOCKED
2016-06-22,91,201,BLOCKED
2016-06-23,91,201,BLOCKED
2016-06-24,91,201,BLOCKED
2016-06-27,91,201,BLOCKED
2016-06-28,91,201,BLOCKED
2016-06-29,91,201,BLOCKED
2016-06-30,91,201,BLOCKED
2016-07-01,91,201,BLOCKED
2016-07-04,91,201,BLOCKED
2016-07-05,91,201,BLOCKED
2016-07-07,91,201,BLOCKED
2016-07-08,91,201,BLOCKED
2016-07-11,91,201,BLOCKED
2016-07-12,91,201,BLOCKED
2016-07-13,91,201,BLOCKED
2016-07-14,91,201,BLOCKED
2016-07-15,91,201,BLOCKED
2016-07-18,91,201,BLOCKED
2016-07-19,91,201,BLOCKED
2016-07-20,91,201,BLOCKED
2016-07-21,91,201,BLOCKED
2016-07-22,91,201,BLOCKED
2016-07-25,91,201,BLOCKED
2016-07-26,91,201,BLOCKED
2016-07-27,91,201,BLOCKED
2016-07-28,91,201,BLOCKED
2016-07-29,91,201,BLOCKED
2016-08-01,91,201,BLOCKED
2016-08-02,91,201,BLOCKED
2016-08-03,91,201,BLOCKED
2016-08-04,91,201,BLOCKED
2016-08-05,91,201,BLOCKED
2016-08-08,91,201,BLOCKED
2016-08-09,91,201,BLOCKED
2016-08-10,91,201,BLOCKED
2016-08-11,91,201,BLOCKED
2016-08-12,91,201,BLOCKED
2016-08-16,91,201,BLOCKED
2016-08-17,91,201,BLOCKED
2016-08-18,91,201,BLOCKED
2016-08-19,91,201,BLOCKED
2016-08-22,91,201,BLOCKED
2016-08-23,91,201,BLOCKED
2016-08-24,91,201,BLOCKED
2016-08-25,91,201,BLOCKED
2016-08-26,91,201,BLOCKED
2016-08-29,91,201,BLOCKED
2016-08-30,91,201,BLOCKED
2016-08-31,91,201,BLOCKED
2016-09-01,91,201,BLOCKED
2016-09-02,91,201,BLOCKED
2016-09-06,91,201,BLOCKED
2016-09-07,91,201,BLOCKED
2016-09-08,91,201,BLOCKED
2016-09-09,91,201,BLOCKED
2016-09-12,91,201,BLOCKED
2016-09-14,91,201,BLOCKED
2016-09-15,91,201,BLOCKED
2016-09-16,91,201,BLOCKED
2016-09-19,91,201,BLOCKED
2016-09-20,91,201,BLOCKED
2016-09-21,91,201,BLOCKED
2016-09-22,91,201,BLOCKED
2016-09-23,91,201,BLOCKED
2016-09-26,91,201,BLOCKED
2016-09-27,91,201,BLOCKED
2016-09-28,91,201,BLOCKED
2016-09-29,91,201,BLOCKED
2016-09-30,91,201,BLOCKED
2016-10-03,91,201,BLOCKED
2016-10-04,91,201,BLOCKED
2016-10-05,91,201,BLOCKED
2016-10-06,91,201,BLOCKED
2016-10-07,91,201,BLOCKED
2016-10-10,91,201,BLOCKED
2016-10-13,91,201,BLOCKED
2016-10-14,91,201,BLOCKED
2016-10-17,91,201,BLOCKED
2016-10-18,91,201,BLOCKED
2016-10-19,91,201,BLOCKED
2016-10-20,91,201,BLOCKED
2016-10-21,91,201,BLOCKED
2016-10-24,91,201,BLOCKED
2016-10-25,91,201,BLOCKED
2016-10-26,91,201,BLOCKED
2016-10-27,91,201,BLOCKED
2016-10-28,91,201,BLOCKED
2016-11-01,91,201,BLOCKED
2016-11-02,91,201,BLOCKED
2016-11-03,91,201,BLOCKED
2016-11-04,91,201,BLOCKED
2016-11-07,91,201,BLOCKED
2016-11-08,91,201,BLOCKED
2016-11-09,91,201,BLOCKED
2016-11-10,91,201,BLOCKED
2016-11-11,91,201,BLOCKED
2016-11-15,92,201,BLOCKED
2016-11-16,92,201,BLOCKED
2016-11-17,92,201,BLOCKED
2016-11-18,92,201,BLOCKED
2016-11-21,92,201,BLOCKED
2016-11-22,92,201,BLOCKED
2016-11-23,92,201,BLOCKED
2016-11-24,92,201,BLOCKED
2016-11-25,92,201,BLOCKED
2016-11-28,92,201,BLOCKED
2016-11-29,92,201,BLOCKED
2016-11-30,92,201,BLOCKED
2016-12-01,92,201,BLOCKED
2016-12-02,92,201,BLOCKED
2016-12-05,92,201,BLOCKED
2016-12-06,92,201,BLOCKED
2016-12-07,92,201,BLOCKED
2016-12-08,92,201,BLOCKED
2016-12-09,92,201,BLOCKED
2016-12-12,92,201,BLOCKED
2016-12-13,92,201,BLOCKED
2016-12-14,92,201,BLOCKED
2016-12-15,92,201,BLOCKED
2016-12-16,92,201,BLOCKED
2016-12-19,92,201,BLOCKED
2016-12-20,92,201,BLOCKED
2016-12-21,92,201,BLOCKED
2016-12-22,92,201,BLOCKED
2016-12-23,92,201,BLOCKED
2016-12-26,92,201,BLOCKED
2016-12-27,92,201,BLOCKED
2016-12-28,92,201,BLOCKED
2016-12-29,92,201,BLOCKED
2016-12-30,92,201,BLOCKED
2017-01-02,92,201,BLOCKED
2017-01-03,92,201,BLOCKED
2017-01-04,92,201,BLOCKED
2017-01-05,92,201,BLOCKED
2017-01-06,92,201,BLOCKED
2017-01-09,92,201,BLOCKED
2017-01-10,92,201,BLOCKED
2017-01-11,92,201,BLOCKED
2017-01-12,92,201,BLOCKED
2017-01-13,92,201,BLOCKED
2017-01-16,92,201,BLOCKED
2017-01-17,92,201,BLOCKED
2017-01-18,92,201,BLOCKED
2017-01-19,92,201,BLOCKED
2017-01-20,92,201,BLOCKED
2017-01-23,92,201,BLOCKED
2017-01-24,92,201,BLOCKED
2017-01-25,92,201,BLOCKED
2017-01-27,92,201,BLOCKED
2017-01-30,92,201,BLOCKED
2017-01-31,92,201,BLOCKED
2017-02-01,92,201,BLOCKED
2017-02-02,92,201,BLOCKED
2017-02-03,92,201,BLOCKED
2017-02-06,92,201,BLOCKED
2017-02-07,92,201,BLOCKED
2017-02-08,92,201,BLOCKED
2017-02-09,92,201,BLOCKED
2017-02-10,92,201,BLOCKED
2017-02-13,92,201,BLOCKED
2017-02-14,92,201,BLOCKED
2017-02-15,92,201,BLOCKED
2017-02-16,92,201,BLOCKED
2017-02-17,92,201,BLOCKED
2017-02-20,92,201,BLOCKED
2017-02-21,92,201,BLOCKED
2017-02-22,92,201,BLOCKED
2017-02-23,92,201,BLOCKED
2017-02-27,92,201,BLOCKED
2017-02-28,92,201,BLOCKED
2017-03-01,92,201,BLOCKED
2017-03-02,92,201,BLOCKED
2017-03-03,92,201,BLOCKED
2017-03-06,92,201,BLOCKED
2017-03-07,92,201,BLOCKED
2017-03-08,92,201,BLOCKED
2017-03-09,92,201,BLOCKED
2017-03-10,92,201,BLOCKED
2017-03-14,92,201,BLOCKED
2017-03-15,92,201,BLOCKED
2017-03-16,92,201,BLOCKED
2017-03-17,92,201,BLOCKED
2017-03-20,92,201,BLOCKED
2017-03-21,92,201,BLOCKED
2017-03-22,92,201,BLOCKED
2017-03-23,92,201,BLOCKED
2017-03-24,92,201,BLOCKED
2017-03-27,92,201,BLOCKED
2017-03-28,92,201,BLOCKED
2017-03-29,92,201,BLOCKED
2017-03-30,92,201,BLOCKED
2017-03-31,92,201,BLOCKED
2017-04-03,92,201,BLOCKED
2017-04-05,92,201,BLOCKED
2017-04-06,92,201,BLOCKED
2017-04-07,92,201,BLOCKED
2017-04-10,92,201,BLOCKED
2017-04-11,92,201,BLOCKED
2017-04-12,92,201,BLOCKED
2017-04-13,92,201,BLOCKED
2017-04-17,92,201,BLOCKED
2017-04-18,92,201,BLOCKED
2017-04-19,92,201,BLOCKED
2017-04-20,92,201,BLOCKED
2017-04-21,92,201,BLOCKED
2017-04-24,92,201,BLOCKED
2017-04-25,92,201,BLOCKED
2017-04-26,92,201,BLOCKED
2017-04-27,92,201,BLOCKED
2017-04-28,92,201,BLOCKED
2017-05-02,92,201,BLOCKED
2017-05-03,92,201,BLOCKED
2017-05-04,92,201,BLOCKED
2017-05-05,92,201,BLOCKED
2017-05-08,92,201,BLOCKED
2017-05-09,92,201,BLOCKED
2017-05-10,92,201,BLOCKED
2017-05-11,92,201,BLOCKED
2017-05-12,92,201,BLOCKED
2017-05-15,92,201,BLOCKED
2017-05-16,92,201,BLOCKED
2017-05-17,92,201,BLOCKED
2017-05-18,92,201,BLOCKED
2017-05-19,92,201,BLOCKED
2017-05-22,92,201,BLOCKED
2017-05-23,92,201,BLOCKED
2017-05-24,92,201,BLOCKED
2017-05-25,92,201,BLOCKED
2017-05-26,93,201,BLOCKED
2017-05-29,93,201,BLOCKED
2017-05-30,93,201,BLOCKED
2017-05-31,93,201,BLOCKED
2017-06-01,93,201,BLOCKED
2017-06-02,93,201,BLOCKED
2017-06-05,93,201,BLOCKED
2017-06-06,93,201,BLOCKED
2017-06-07,93,201,BLOCKED
2017-06-08,93,201,BLOCKED
2017-06-09,93,201,BLOCKED
2017-06-12,93,201,BLOCKED
2017-06-13,93,201,BLOCKED
2017-06-14,93,201,BLOCKED
2017-06-15,93,201,BLOCKED
2017-06-16,93,201,BLOCKED
2017-06-19,93,201,BLOCKED
2017-06-20,93,201,BLOCKED
2017-06-21,93,201,BLOCKED
2017-06-22,93,201,BLOCKED
2017-06-23,93,201,BLOCKED
2017-06-27,93,201,BLOCKED
2017-06-28,93,201,BLOCKED
2017-06-29,93,201,BLOCKED
2017-06-30,93,201,BLOCKED
2017-07-03,93,201,BLOCKED
2017-07-04,93,201,BLOCKED
2017-07-05,93,201,BLOCKED
2017-07-06,93,201,BLOCKED
2017-07-07,93,201,BLOCKED
2017-07-10,93,201,BLOCKED
2017-07-11,93,201,BLOCKED
2017-07-12,93,201,BLOCKED
2017-07-13,93,201,BLOCKED
2017-07-14,93,201,BLOCKED
2017-07-17,93,201,BLOCKED
2017-07-18,93,201,BLOCKED
2017-07-19,93,201,BLOCKED
2017-07-20,93,201,BLOCKED
2017-07-21,93,201,BLOCKED
2017-07-24,93,201,BLOCKED
2017-07-25,93,201,BLOCKED
2017-07-26,93,201,BLOCKED
2017-07-27,93,201,BLOCKED
2017-07-28,93,201,BLOCKED
2017-07-31,93,201,BLOCKED
2017-08-01,93,201,BLOCKED
2017-08-02,93,201,BLOCKED
2017-08-03,93,201,BLOCKED
2017-08-04,93,201,BLOCKED
2017-08-07,93,201,BLOCKED
2017-08-08,93,201,BLOCKED
2017-08-09,93,201,BLOCKED
2017-08-10,93,201,BLOCKED
2017-08-11,93,201,BLOCKED
2017-08-14,93,201,BLOCKED
2017-08-16,93,201,BLOCKED
2017-08-17,93,201,BLOCKED
2017-08-18,93,201,BLOCKED
2017-08-21,93,201,BLOCKED
2017-08-22,93,201,BLOCKED
2017-08-23,93,201,BLOCKED
2017-08-24,93,201,BLOCKED
2017-08-28,93,201,BLOCKED
2017-08-29,93,201,BLOCKED
2017-08-30,93,201,BLOCKED
2017-08-31,93,201,BLOCKED
2017-09-01,93,201,BLOCKED
2017-09-04,93,201,BLOCKED
2017-09-05,94,201,BLOCKED
2017-09-06,94,201,BLOCKED
2017-09-07,94,201,BLOCKED
2017-09-08,94,201,BLOCKED
2017-09-11,94,201,BLOCKED
2017-09-12,94,201,BLOCKED
2017-09-13,94,201,BLOCKED
2017-09-14,94,201,BLOCKED
2017-09-15,94,201,BLOCKED
2017-09-18,94,201,BLOCKED
2017-09-19,94,201,BLOCKED
2017-09-20,94,201,BLOCKED
2017-09-21,94,201,BLOCKED
2017-09-22,94,201,BLOCKED
2017-09-25,94,201,BLOCKED
2017-09-26,94,201,BLOCKED
2017-09-27,94,201,BLOCKED
2017-09-28,94,201,BLOCKED
2017-09-29,94,201,BLOCKED
2017-10-03,94,201,BLOCKED
2017-10-04,94,201,BLOCKED
2017-10-05,94,201,BLOCKED
2017-10-06,94,201,BLOCKED
2017-10-09,94,201,BLOCKED
2017-10-10,94,201,BLOCKED
2017-10-11,94,201,BLOCKED
2017-10-12,94,201,BLOCKED
2017-10-13,94,201,BLOCKED
2017-10-16,94,201,BLOCKED
2017-10-17,94,201,BLOCKED
2017-10-18,94,201,BLOCKED
2017-10-19,94,201,BLOCKED
2017-10-23,94,201,BLOCKED
2017-10-24,94,201,BLOCKED
2017-10-25,94,201,BLOCKED
2017-10-26,94,201,BLOCKED
2017-10-27,94,201,BLOCKED
2017-10-30,94,201,BLOCKED
2017-10-31,94,201,BLOCKED
2017-11-01,94,201,BLOCKED
2017-11-02,94,201,BLOCKED
2017-11-03,94,201,BLOCKED
2017-11-06,94,201,BLOCKED
2017-11-07,94,201,BLOCKED
2017-11-08,94,201,BLOCKED
2017-11-09,94,201,BLOCKED
2017-11-10,94,201,BLOCKED
2017-11-13,94,201,BLOCKED
2017-11-14,94,201,BLOCKED
2017-11-15,94,201,BLOCKED
2017-11-16,94,201,BLOCKED
2017-11-17,94,201,BLOCKED
2017-11-20,94,201,BLOCKED
2017-11-21,94,201,BLOCKED
2017-11-22,94,201,BLOCKED
2017-11-23,94,201,BLOCKED
2017-11-24,94,201,BLOCKED
2017-11-27,94,201,BLOCKED
2017-11-28,94,201,BLOCKED
2017-11-29,94,201,BLOCKED
2017-11-30,94,201,BLOCKED
2017-12-01,94,201,BLOCKED
2017-12-04,94,201,BLOCKED
2017-12-05,94,201,BLOCKED
2017-12-06,94,201,BLOCKED
2017-12-07,94,201,BLOCKED
2017-12-08,94,201,BLOCKED
2017-12-11,94,201,BLOCKED
2017-12-12,94,201,BLOCKED
2017-12-13,94,201,BLOCKED
2017-12-14,94,201,BLOCKED
2017-12-15,94,201,BLOCKED
2017-12-18,94,201,BLOCKED
2017-12-19,94,201,BLOCKED
2017-12-20,94,201,BLOCKED
2017-12-21,94,201,BLOCKED
2017-12-22,94,201,BLOCKED
2017-12-26,94,201,BLOCKED
2017-12-27,94,201,BLOCKED
2017-12-28,94,201,BLOCKED
2017-12-29,94,201,BLOCKED
2018-01-01,94,201,BLOCKED
2018-01-02,94,201,BLOCKED
2018-01-03,94,201,BLOCKED
2018-01-04,94,201,BLOCKED
2018-01-05,94,201,BLOCKED
2018-01-08,94,201,BLOCKED
2018-01-09,94,201,BLOCKED
2018-01-10,94,201,BLOCKED
2018-01-11,94,201,BLOCKED
2018-01-12,94,201,BLOCKED
2018-01-15,94,201,BLOCKED
2018-01-16,94,201,BLOCKED
2018-01-17,94,201,BLOCKED
2018-01-18,94,201,BLOCKED
2018-01-19,94,201,BLOCKED
2018-01-22,94,201,BLOCKED
2018-01-23,94,201,BLOCKED
2018-01-24,94,201,BLOCKED
2018-01-25,94,201,BLOCKED
2018-01-29,94,201,BLOCKED
2018-01-30,94,201,BLOCKED
2018-01-31,94,201,BLOCKED
2018-02-01,94,201,BLOCKED
2018-02-02,94,201,BLOCKED
2018-02-05,96,201,BLOCKED
2018-02-06,96,201,BLOCKED
2018-02-07,96,201,BLOCKED
2018-02-08,96,201,BLOCKED
2018-02-09,96,201,BLOCKED
2018-02-12,96,201,BLOCKED
2018-02-14,96,201,BLOCKED
2018-02-15,96,201,BLOCKED
2018-02-16,96,201,BLOCKED
2018-02-19,96,201,BLOCKED
2018-02-20,96,201,BLOCKED
2018-02-21,96,201,BLOCKED
2018-02-22,96,201,BLOCKED
2018-02-23,96,201,BLOCKED
2018-02-26,96,201,BLOCKED
2018-02-27,96,201,BLOCKED
2018-02-28,96,201,BLOCKED
2018-03-01,96,201,BLOCKED
2018-03-05,96,201,BLOCKED
2018-03-06,96,201,BLOCKED
2018-03-07,96,201,BLOCKED
2018-03-08,96,201,BLOCKED
2018-03-09,96,201,BLOCKED
2018-03-12,96,201,BLOCKED
2018-03-13,96,201,BLOCKED
2018-03-14,96,201,BLOCKED
2018-03-15,96,201,BLOCKED
2018-03-16,96,201,BLOCKED
2018-03-19,96,201,BLOCKED
2018-03-20,96,201,BLOCKED
2018-03-21,96,201,BLOCKED
2018-03-22,96,201,BLOCKED
2018-03-23,96,201,BLOCKED
2018-03-26,96,201,BLOCKED
2018-03-27,96,201,BLOCKED
2018-03-28,96,201,BLOCKED
2018-04-02,98,201,BLOCKED
2018-04-03,98,201,BLOCKED
2018-04-04,98,201,BLOCKED
2018-04-05,98,201,BLOCKED
2018-04-06,98,201,BLOCKED
2018-04-09,98,201,BLOCKED
2018-04-10,98,201,BLOCKED
2018-04-11,98,201,BLOCKED
2018-04-12,98,201,BLOCKED
2018-04-13,98,201,BLOCKED
2018-04-16,98,201,BLOCKED
2018-04-17,98,201,BLOCKED
2018-04-18,98,201,BLOCKED
2018-04-19,98,201,BLOCKED
2018-04-20,98,201,BLOCKED
2018-04-23,98,201,BLOCKED
2018-04-24,98,201,BLOCKED
2018-04-25,98,201,BLOCKED
2018-04-26,98,201,BLOCKED
2018-04-27,98,201,BLOCKED
2018-04-30,98,201,BLOCKED
2018-05-02,98,201,BLOCKED
2018-05-03,98,201,BLOCKED
2018-05-04,98,201,BLOCKED
2018-05-07,98,201,BLOCKED
2018-05-08,98,201,BLOCKED
2018-05-09,98,201,BLOCKED
2018-05-10,98,201,BLOCKED
2018-05-11,98,201,BLOCKED
2018-05-14,98,201,BLOCKED
2018-05-15,98,201,BLOCKED
2018-05-16,98,201,BLOCKED
2018-05-17,98,201,BLOCKED
2018-05-18,98,201,BLOCKED
2018-05-21,98,201,BLOCKED
2018-05-22,98,201,BLOCKED
2018-05-23,98,201,BLOCKED
2018-05-24,98,201,BLOCKED
2018-05-25,98,201,BLOCKED
2018-05-28,98,201,BLOCKED
2018-05-29,98,201,BLOCKED
2018-05-30,98,201,BLOCKED
2018-05-31,98,201,BLOCKED
2018-06-01,98,201,BLOCKED
2018-06-04,98,201,BLOCKED
2018-06-05,98,201,BLOCKED
2018-06-06,98,201,BLOCKED
2018-06-07,98,201,BLOCKED
2018-06-08,98,201,BLOCKED
2018-06-11,98,201,BLOCKED
2018-06-12,98,201,BLOCKED
2018-06-13,98,201,BLOCKED
2018-06-14,98,201,BLOCKED
2018-06-15,98,201,BLOCKED
2018-06-18,98,201,BLOCKED
2018-06-19,98,201,BLOCKED
2018-06-20,98,201,BLOCKED
2018-06-21,98,201,BLOCKED
2018-06-22,98,201,BLOCKED
2018-06-25,98,201,BLOCKED
2018-06-26,98,201,BLOCKED
2018-06-27,98,201,BLOCKED
2018-06-28,98,201,BLOCKED
2018-06-29,99,201,BLOCKED
2018-07-02,99,201,BLOCKED
2018-07-03,99,201,BLOCKED
2018-07-04,99,201,BLOCKED
2018-07-05,99,201,BLOCKED
2018-07-06,99,201,BLOCKED
2018-07-09,99,201,BLOCKED
2018-07-10,99,201,BLOCKED
2018-07-11,99,201,BLOCKED
2018-07-12,99,201,BLOCKED
2018-07-13,99,201,BLOCKED
2018-07-16,99,201,BLOCKED
2018-07-17,99,201,BLOCKED
2018-07-18,99,201,BLOCKED
2018-07-19,99,201,BLOCKED
2018-07-20,99,201,BLOCKED
2018-07-23,99,201,BLOCKED
2018-07-24,99,201,BLOCKED
2018-07-25,99,201,BLOCKED
2018-07-26,99,201,BLOCKED
2018-07-27,99,201,BLOCKED
2018-07-30,99,201,BLOCKED
2018-07-31,99,201,BLOCKED
2018-08-01,99,201,BLOCKED
2018-08-02,99,201,BLOCKED
2018-08-03,99,201,BLOCKED
2018-08-06,99,201,BLOCKED
2018-08-07,99,201,BLOCKED
2018-08-08,99,201,BLOCKED
2018-08-09,99,201,BLOCKED
2018-08-10,99,201,BLOCKED
2018-08-13,99,201,BLOCKED
2018-08-14,99,201,BLOCKED
2018-08-16,99,201,BLOCKED
2018-08-17,99,201,BLOCKED
2018-08-20,99,201,BLOCKED
2018-08-21,99,201,BLOCKED
2018-08-23,99,201,BLOCKED
2018-08-24,99,201,BLOCKED
2018-08-27,99,201,BLOCKED
2018-08-28,99,201,BLOCKED
2018-08-29,99,201,BLOCKED
2018-08-30,99,201,BLOCKED
2018-08-31,99,201,BLOCKED
2018-09-03,99,201,BLOCKED
2018-09-04,99,201,BLOCKED
2018-09-05,99,201,BLOCKED
2018-09-06,99,201,BLOCKED
2018-09-07,99,201,BLOCKED
2018-09-10,99,201,BLOCKED
2018-09-11,99,201,BLOCKED
2018-09-12,99,201,BLOCKED
2018-09-14,99,201,BLOCKED
2018-09-17,99,201,BLOCKED
2018-09-18,99,201,BLOCKED
2018-09-19,99,201,BLOCKED
2018-09-21,99,201,BLOCKED
2018-09-24,99,201,BLOCKED
2018-09-25,99,201,BLOCKED
2018-09-26,99,201,BLOCKED
2018-09-27,99,201,BLOCKED
2018-09-28,102,201,BLOCKED
2018-10-01,102,201,BLOCKED
2018-10-03,102,201,BLOCKED
2018-10-04,102,201,BLOCKED
2018-10-05,102,201,BLOCKED
2018-10-08,102,201,BLOCKED
2018-10-09,102,201,BLOCKED
2018-10-10,102,201,BLOCKED
2018-10-11,102,201,BLOCKED
2018-10-12,102,201,BLOCKED
2018-10-15,102,201,BLOCKED
2018-10-16,102,201,BLOCKED
2018-10-17,102,201,BLOCKED
2018-10-19,102,201,BLOCKED
2018-10-22,102,201,BLOCKED
2018-10-23,102,201,BLOCKED
2018-10-24,102,201,BLOCKED
2018-10-25,102,201,BLOCKED
2018-10-26,102,201,BLOCKED
2018-10-29,102,201,BLOCKED
2018-10-30,102,201,BLOCKED
2018-10-31,102,201,BLOCKED
2018-11-01,102,201,BLOCKED
2018-11-02,102,201,BLOCKED
2018-11-05,102,201,BLOCKED
2018-11-06,102,201,BLOCKED
2018-11-07,102,201,BLOCKED
2018-11-09,102,201,BLOCKED
2018-11-12,102,201,BLOCKED
2018-11-13,102,201,BLOCKED
2018-11-14,102,201,BLOCKED
2018-11-15,102,201,BLOCKED
2018-11-16,102,201,BLOCKED
2018-11-19,102,201,BLOCKED
2018-11-20,102,201,BLOCKED
2018-11-21,102,201,BLOCKED
2018-11-22,102,201,BLOCKED
2018-11-26,102,201,BLOCKED
2018-11-27,102,201,BLOCKED
2018-11-28,102,201,BLOCKED
2018-11-29,102,201,BLOCKED
2018-11-30,102,201,BLOCKED
2018-12-03,102,201,BLOCKED
2018-12-04,102,201,BLOCKED
2018-12-05,102,201,BLOCKED
2018-12-06,102,201,BLOCKED
2018-12-07,102,201,BLOCKED
2018-12-10,102,201,BLOCKED
2018-12-11,102,201,BLOCKED
2018-12-12,102,201,BLOCKED
2018-12-13,102,201,BLOCKED
2018-12-14,102,201,BLOCKED
2018-12-17,102,201,BLOCKED
2018-12-18,102,201,BLOCKED
2018-12-19,102,201,BLOCKED
2018-12-20,102,201,BLOCKED
2018-12-21,102,201,BLOCKED
2018-12-24,102,201,BLOCKED
2018-12-26,102,201,BLOCKED
2018-12-27,102,201,BLOCKED
2018-12-28,103,201,BLOCKED
2018-12-31,103,201,BLOCKED
2019-01-01,103,201,BLOCKED
2019-01-02,103,201,BLOCKED
2019-01-03,103,201,BLOCKED
2019-01-04,103,201,BLOCKED
2019-01-07,103,201,BLOCKED
2019-01-08,103,201,BLOCKED
2019-01-09,103,201,BLOCKED
2019-01-10,103,201,BLOCKED
2019-01-11,103,201,BLOCKED
2019-01-14,103,201,BLOCKED
2019-01-15,103,201,BLOCKED
2019-01-16,103,201,BLOCKED
2019-01-17,103,201,BLOCKED
2019-01-18,103,201,BLOCKED
2019-01-21,103,201,BLOCKED
2019-01-22,103,201,BLOCKED
2019-01-23,103,201,BLOCKED
2019-01-24,103,201,BLOCKED
2019-01-25,103,201,BLOCKED
2019-01-28,103,201,BLOCKED
2019-01-29,103,201,BLOCKED
2019-01-30,103,201,BLOCKED
2019-01-31,103,201,BLOCKED
2019-02-01,103,201,BLOCKED
2019-02-04,103,201,BLOCKED
2019-02-05,103,201,BLOCKED
2019-02-06,103,201,BLOCKED
2019-02-07,103,201,BLOCKED
2019-02-08,103,201,BLOCKED
2019-02-11,103,201,BLOCKED
2019-02-12,103,201,BLOCKED
2019-02-13,103,201,BLOCKED
2019-02-14,103,201,BLOCKED
2019-02-15,103,201,BLOCKED
2019-02-18,103,201,BLOCKED
2019-02-19,103,201,BLOCKED
2019-02-20,103,201,BLOCKED
2019-02-21,103,201,BLOCKED
2019-02-22,103,201,BLOCKED
2019-02-25,103,201,BLOCKED
2019-02-26,103,201,BLOCKED
2019-02-27,103,201,BLOCKED
2019-02-28,103,201,BLOCKED
2019-03-01,103,201,BLOCKED
2019-03-05,103,201,BLOCKED
2019-03-06,103,201,BLOCKED
2019-03-07,103,201,BLOCKED
2019-03-08,103,201,BLOCKED
2019-03-11,103,201,BLOCKED
2019-03-12,103,201,BLOCKED
2019-03-13,103,201,BLOCKED
2019-03-14,103,201,BLOCKED
2019-03-15,103,201,BLOCKED
2019-03-18,103,201,BLOCKED
2019-03-19,103,201,BLOCKED
2019-03-20,103,201,BLOCKED
2019-03-22,103,201,BLOCKED
2019-03-25,103,201,BLOCKED
2019-03-26,103,201,BLOCKED
2019-03-27,103,201,BLOCKED
2019-03-28,103,201,BLOCKED
2019-03-29,103,201,BLOCKED
2019-04-01,103,201,BLOCKED
2019-04-02,103,201,BLOCKED
2019-04-03,103,201,BLOCKED
2019-04-04,103,201,BLOCKED
2019-04-05,103,201,BLOCKED
2019-04-08,103,201,BLOCKED
2019-04-09,103,201,BLOCKED
2019-04-10,103,201,BLOCKED
2019-04-11,103,201,BLOCKED
2019-04-12,103,201,BLOCKED
2019-04-15,103,201,BLOCKED
2019-04-16,103,201,BLOCKED
2019-04-18,103,201,BLOCKED
2019-04-22,103,201,BLOCKED
2019-04-23,103,201,BLOCKED
2019-04-24,103,201,BLOCKED
2019-04-25,103,201,BLOCKED
2019-04-26,103,201,BLOCKED
2019-04-30,103,201,BLOCKED
2019-05-02,103,201,BLOCKED
2019-05-03,103,201,BLOCKED
2019-05-06,103,201,BLOCKED
2019-05-07,103,201,BLOCKED
2019-05-08,103,201,BLOCKED
2019-05-09,103,201,BLOCKED
2019-05-10,103,201,BLOCKED
2019-05-13,103,201,BLOCKED
2019-05-14,103,201,BLOCKED
2019-05-15,103,201,BLOCKED
2019-05-16,103,201,BLOCKED
2019-05-17,103,201,BLOCKED
2019-05-20,103,201,BLOCKED
2019-05-21,103,201,BLOCKED
2019-05-22,103,201,BLOCKED
2019-05-23,103,201,BLOCKED
2019-05-24,103,201,BLOCKED
2019-05-27,103,201,BLOCKED
2019-05-28,103,201,BLOCKED
2019-05-29,103,201,BLOCKED
2019-05-30,103,201,BLOCKED
2019-05-31,103,201,BLOCKED
2019-06-03,103,201,BLOCKED
2019-06-04,103,201,BLOCKED
2019-06-06,103,201,BLOCKED
2019-06-07,103,201,BLOCKED
2019-06-10,103,201,BLOCKED
2019-06-11,103,201,BLOCKED
2019-06-12,103,201,BLOCKED
2019-06-13,103,201,BLOCKED
2019-06-14,103,201,BLOCKED
2019-06-17,103,201,BLOCKED
2019-06-18,103,201,BLOCKED
2019-06-19,103,201,BLOCKED
2019-06-20,103,201,BLOCKED
2019-06-21,103,201,BLOCKED
2019-06-24,103,201,BLOCKED
2019-06-25,103,201,BLOCKED
2019-06-26,103,201,BLOCKED
2019-06-27,103,201,BLOCKED
2019-06-28,103,201,BLOCKED
2019-07-01,103,201,BLOCKED
2019-07-02,103,201,BLOCKED
2019-07-03,103,201,BLOCKED
2019-07-04,103,201,BLOCKED
2019-07-05,103,201,BLOCKED
2019-07-08,103,201,BLOCKED
2019-07-09,103,201,BLOCKED
2019-07-10,103,201,BLOCKED
2019-07-11,103,201,BLOCKED
2019-07-12,103,201,BLOCKED
2019-07-15,103,201,BLOCKED
2019-07-16,103,201,BLOCKED
2019-07-17,103,201,BLOCKED
2019-07-18,103,201,BLOCKED
2019-07-19,103,201,BLOCKED
2019-07-22,103,201,BLOCKED
2019-07-23,103,201,BLOCKED
2019-07-24,103,201,BLOCKED
2019-07-25,103,201,BLOCKED
2019-07-26,103,201,BLOCKED
2019-07-29,103,201,BLOCKED
2019-07-30,103,201,BLOCKED
2019-07-31,103,201,BLOCKED
2019-08-01,103,201,BLOCKED
2019-08-02,103,201,BLOCKED
2019-08-05,103,201,BLOCKED
2019-08-06,103,201,BLOCKED
2019-08-07,103,201,BLOCKED
2019-08-08,103,201,BLOCKED
2019-08-09,103,201,BLOCKED
2019-08-13,103,201,BLOCKED
2019-08-14,103,201,BLOCKED
2019-08-16,103,201,BLOCKED
2019-08-19,103,201,BLOCKED
2019-08-20,103,201,BLOCKED
2019-08-21,103,201,BLOCKED
2019-08-22,103,201,BLOCKED
2019-08-23,103,201,BLOCKED
2019-08-26,103,201,BLOCKED
2019-08-27,103,201,BLOCKED
2019-08-28,103,201,BLOCKED
2019-08-29,103,201,BLOCKED
2019-08-30,103,201,BLOCKED
2019-09-03,103,201,BLOCKED
2019-09-04,103,201,BLOCKED
2019-09-05,103,201,BLOCKED
2019-09-06,103,201,BLOCKED
2019-09-09,103,201,BLOCKED
2019-09-11,103,201,BLOCKED
2019-09-12,103,201,BLOCKED
2019-09-13,103,201,BLOCKED
2019-09-16,103,201,BLOCKED
2019-09-17,103,201,BLOCKED
2019-09-18,103,201,BLOCKED
2019-09-19,103,201,BLOCKED
2019-09-20,103,201,BLOCKED
2019-09-23,103,201,BLOCKED
2019-09-24,103,201,BLOCKED
2019-09-25,103,201,BLOCKED
2019-09-26,103,201,BLOCKED
2019-09-27,107,201,BLOCKED
2019-09-30,107,201,BLOCKED
2019-10-01,107,201,BLOCKED
2019-10-03,107,201,BLOCKED
2019-10-04,107,201,BLOCKED
2019-10-07,107,201,BLOCKED
2019-10-09,107,201,BLOCKED
2019-10-10,107,201,BLOCKED
2019-10-11,107,201,BLOCKED
2019-10-14,107,201,BLOCKED
2019-10-15,107,201,BLOCKED
2019-10-16,107,201,BLOCKED
2019-10-17,107,201,BLOCKED
2019-10-18,107,201,BLOCKED
2019-10-22,107,201,BLOCKED
2019-10-23,107,201,BLOCKED
2019-10-24,107,201,BLOCKED
2019-10-25,107,201,BLOCKED
2019-10-29,107,201,BLOCKED
2019-10-30,107,201,BLOCKED
2019-10-31,107,201,BLOCKED
2019-11-01,107,201,BLOCKED
2019-11-04,107,201,BLOCKED
2019-11-05,107,201,BLOCKED
2019-11-06,107,201,BLOCKED
2019-11-07,107,201,BLOCKED
2019-11-08,107,201,BLOCKED
2019-11-11,107,201,BLOCKED
2019-11-13,107,201,BLOCKED
2019-11-14,107,201,BLOCKED
2019-11-15,107,201,BLOCKED
2019-11-18,107,201,BLOCKED
2019-11-19,107,201,BLOCKED
2019-11-20,107,201,BLOCKED
2019-11-21,107,201,BLOCKED
2019-11-22,107,201,BLOCKED
2019-11-25,107,201,BLOCKED
2019-11-26,107,201,BLOCKED
2019-11-27,107,201,BLOCKED
2019-11-28,107,201,BLOCKED
2019-11-29,107,201,BLOCKED
2019-12-02,107,201,BLOCKED
2019-12-03,107,201,BLOCKED
2019-12-04,107,201,BLOCKED
2019-12-05,107,201,BLOCKED
2019-12-06,107,201,BLOCKED
2019-12-09,107,201,BLOCKED
2019-12-10,107,201,BLOCKED
2019-12-11,107,201,BLOCKED
2019-12-12,107,201,BLOCKED
2019-12-13,107,201,BLOCKED
2019-12-16,107,201,BLOCKED
2019-12-17,107,201,BLOCKED
2019-12-18,107,201,BLOCKED
2019-12-19,107,201,BLOCKED
2019-12-20,107,201,BLOCKED
2019-12-23,107,201,BLOCKED
2019-12-24,107,201,BLOCKED
2019-12-26,107,201,BLOCKED
2019-12-27,108,201,BLOCKED
2019-12-30,108,201,BLOCKED
2019-12-31,108,201,BLOCKED
2020-01-01,108,201,BLOCKED
2020-01-02,108,201,BLOCKED
2020-01-03,108,201,BLOCKED
2020-01-06,108,201,BLOCKED
2020-01-07,108,201,BLOCKED
2020-01-08,108,201,BLOCKED
2020-01-09,108,201,BLOCKED
2020-01-10,108,201,BLOCKED
2020-01-13,108,201,BLOCKED
2020-01-14,108,201,BLOCKED
2020-01-15,108,201,BLOCKED
2020-01-16,108,201,BLOCKED
2020-01-17,108,201,BLOCKED
2020-01-20,108,201,BLOCKED
2020-01-21,108,201,BLOCKED
2020-01-22,108,201,BLOCKED
2020-01-23,108,201,BLOCKED
2020-01-24,108,201,BLOCKED
2020-01-27,108,201,BLOCKED
2020-01-28,108,201,BLOCKED
2020-01-29,108,201,BLOCKED
2020-01-30,108,201,BLOCKED
2020-01-31,108,201,BLOCKED
2020-02-03,108,201,BLOCKED
2020-02-04,108,201,BLOCKED
2020-02-05,108,201,BLOCKED
2020-02-06,108,201,BLOCKED
2020-02-07,108,201,BLOCKED
2020-02-10,108,201,BLOCKED
2020-02-11,108,201,BLOCKED
2020-02-12,108,201,BLOCKED
2020-02-13,108,201,BLOCKED
2020-02-14,108,201,BLOCKED
2020-02-17,108,201,BLOCKED
2020-02-18,108,201,BLOCKED
2020-02-19,108,201,BLOCKED
2020-02-20,108,201,BLOCKED
2020-02-24,108,201,BLOCKED
2020-02-25,108,201,BLOCKED
2020-02-26,108,201,BLOCKED
2020-02-27,108,201,BLOCKED
2020-02-28,108,201,BLOCKED
2020-03-02,108,201,BLOCKED
2020-03-03,108,201,BLOCKED
2020-03-04,108,201,BLOCKED
2020-03-05,108,201,BLOCKED
2020-03-06,108,201,BLOCKED
2020-03-09,108,201,BLOCKED
2020-03-11,108,201,BLOCKED
2020-03-12,108,201,BLOCKED
2020-03-13,108,201,BLOCKED
2020-03-16,108,201,BLOCKED
2020-03-17,108,201,BLOCKED
2020-03-18,108,201,BLOCKED
2020-03-19,109,201,BLOCKED
2020-03-20,109,201,BLOCKED
2020-03-23,109,201,BLOCKED
2020-03-24,109,201,BLOCKED
2020-03-25,109,201,BLOCKED
2020-03-26,109,201,BLOCKED
2020-03-27,109,201,BLOCKED
2020-03-30,109,201,BLOCKED
2020-03-31,109,201,BLOCKED
2020-04-01,109,201,BLOCKED
2020-04-03,109,201,BLOCKED
2020-04-07,109,201,BLOCKED
2020-04-08,109,201,BLOCKED
2020-04-09,109,201,BLOCKED
2020-04-13,109,201,BLOCKED
2020-04-15,109,201,BLOCKED
2020-04-16,109,201,BLOCKED
2020-04-17,109,201,BLOCKED
2020-04-20,109,201,BLOCKED
2020-04-21,109,201,BLOCKED
2020-04-22,109,201,BLOCKED
2020-04-23,109,201,BLOCKED
2020-04-24,109,201,BLOCKED
2020-04-27,109,201,BLOCKED
2020-04-28,109,201,BLOCKED
2020-04-29,109,201,BLOCKED
2020-04-30,109,201,BLOCKED
2020-05-04,109,201,BLOCKED
2020-05-05,109,201,BLOCKED
2020-05-06,109,201,BLOCKED
2020-05-07,109,201,BLOCKED
2020-05-08,109,201,BLOCKED
2020-05-11,109,201,BLOCKED
2020-05-12,109,201,BLOCKED
2020-05-13,109,201,BLOCKED
2020-05-14,109,201,BLOCKED
2020-05-15,109,201,BLOCKED
2020-05-18,109,201,BLOCKED
2020-05-19,109,201,BLOCKED
2020-05-20,109,201,BLOCKED
2020-05-21,109,201,BLOCKED
2020-05-22,109,201,BLOCKED
2020-05-25,109,201,BLOCKED
2020-05-26,109,201,BLOCKED
2020-05-27,109,201,BLOCKED
2020-05-28,109,201,BLOCKED
2020-05-29,109,201,BLOCKED
2020-06-01,109,201,BLOCKED
2020-06-02,109,201,BLOCKED
2020-06-03,109,201,BLOCKED
2020-06-04,109,201,BLOCKED
2020-06-05,109,201,BLOCKED
2020-06-08,109,201,BLOCKED
2020-06-09,109,201,BLOCKED
2020-06-10,109,201,BLOCKED
2020-06-11,109,201,BLOCKED
2020-06-12,109,201,BLOCKED
2020-06-15,109,201,BLOCKED
2020-06-16,109,201,BLOCKED
2020-06-17,109,201,BLOCKED
2020-06-18,109,201,BLOCKED
2020-06-19,109,201,BLOCKED
2020-06-22,109,201,BLOCKED
2020-06-23,109,201,BLOCKED
2020-06-24,109,201,BLOCKED
2020-06-25,109,201,BLOCKED
2020-06-26,109,200,BLOCKED
2020-06-29,109,200,BLOCKED
2020-06-30,109,200,BLOCKED
2020-07-01,109,200,BLOCKED
2020-07-02,109,200,BLOCKED
2020-07-03,109,200,BLOCKED
2020-07-06,109,200,BLOCKED
2020-07-07,109,200,BLOCKED
2020-07-08,109,200,BLOCKED
2020-07-09,109,200,BLOCKED
2020-07-10,109,200,BLOCKED
2020-07-13,109,200,BLOCKED
2020-07-14,109,200,BLOCKED
2020-07-15,109,200,BLOCKED
2020-07-16,109,200,BLOCKED
2020-07-17,109,200,BLOCKED
2020-07-20,109,200,BLOCKED
2020-07-21,109,200,BLOCKED
2020-07-22,109,200,BLOCKED
2020-07-23,109,200,BLOCKED
2020-07-24,109,200,BLOCKED
2020-07-27,109,200,BLOCKED
2020-07-28,109,200,BLOCKED
2020-07-29,109,200,BLOCKED
2020-07-30,109,200,BLOCKED
2020-08-03,110,200,BLOCKED
2020-08-04,110,200,BLOCKED
2020-08-05,110,200,BLOCKED
2020-08-06,110,200,BLOCKED
2020-08-07,110,200,BLOCKED
2020-08-10,110,200,BLOCKED
2020-08-11,110,200,BLOCKED
2020-08-12,110,200,BLOCKED
2020-08-13,110,200,BLOCKED
2020-08-14,110,200,BLOCKED
2020-08-17,110,200,BLOCKED
2020-08-18,110,200,BLOCKED
2020-08-19,110,200,BLOCKED
2020-08-20,110,200,BLOCKED
2020-08-21,110,200,BLOCKED
2020-08-24,110,200,BLOCKED
2020-08-25,110,200,BLOCKED
2020-08-26,110,200,BLOCKED
2020-08-27,110,200,BLOCKED
2020-08-28,110,200,BLOCKED
2020-08-31,110,200,BLOCKED
2020-09-01,110,200,BLOCKED
2020-09-02,110,200,BLOCKED
2020-09-03,110,200,BLOCKED
2020-09-04,110,200,BLOCKED
2020-09-07,110,200,BLOCKED
2020-09-08,110,200,BLOCKED
2020-09-09,110,200,BLOCKED
2020-09-10,110,200,BLOCKED
2020-09-11,110,200,BLOCKED
2020-09-14,110,200,BLOCKED
2020-09-15,110,200,BLOCKED
2020-09-16,110,200,BLOCKED
2020-09-17,110,200,BLOCKED
2020-09-18,110,200,BLOCKED
2020-09-21,110,200,BLOCKED
2020-09-22,110,200,BLOCKED
2020-09-23,110,200,BLOCKED
2020-09-24,110,200,BLOCKED
2020-09-25,112,200,BLOCKED
2020-09-28,112,200,BLOCKED
2020-09-29,112,200,BLOCKED
2020-09-30,112,200,BLOCKED
2020-10-01,112,200,BLOCKED
2020-10-05,112,200,BLOCKED
2020-10-06,112,200,BLOCKED
2020-10-07,112,200,BLOCKED
2020-10-08,112,200,BLOCKED
2020-10-09,112,200,BLOCKED
2020-10-12,112,200,BLOCKED
2020-10-13,112,200,BLOCKED
2020-10-14,112,200,BLOCKED
2020-10-15,112,200,BLOCKED
2020-10-16,112,200,BLOCKED
2020-10-19,112,200,BLOCKED
2020-10-20,112,200,BLOCKED
2020-10-21,112,200,BLOCKED
2020-10-22,112,200,BLOCKED
2020-10-23,112,200,BLOCKED
2020-10-26,112,200,BLOCKED
2020-10-27,112,200,BLOCKED
2020-10-28,112,200,BLOCKED
2020-10-29,112,200,BLOCKED
2020-10-30,112,200,BLOCKED
2020-11-02,112,200,BLOCKED
2020-11-03,112,200,BLOCKED
2020-11-04,112,200,BLOCKED
2020-11-05,112,200,BLOCKED
2020-11-06,112,200,BLOCKED
2020-11-09,112,200,BLOCKED
2020-11-10,112,200,BLOCKED
2020-11-11,112,200,BLOCKED
2020-11-12,112,200,BLOCKED
2020-11-13,112,200,BLOCKED
2020-11-17,112,200,BLOCKED
2020-11-18,112,200,BLOCKED
2020-11-19,112,200,BLOCKED
2020-11-20,112,200,BLOCKED
2020-11-23,112,200,BLOCKED
2020-11-24,112,200,BLOCKED
2020-11-25,112,200,BLOCKED
2020-11-26,112,200,BLOCKED
2020-11-27,112,200,BLOCKED
2020-12-01,112,200,BLOCKED
2020-12-02,112,200,BLOCKED
2020-12-03,112,200,BLOCKED
2020-12-04,112,200,BLOCKED
2020-12-07,112,200,BLOCKED
2020-12-08,112,200,BLOCKED
2020-12-09,112,200,BLOCKED
2020-12-10,112,200,BLOCKED
2020-12-11,112,200,BLOCKED
2020-12-14,112,200,BLOCKED
2020-12-15,112,200,BLOCKED
2020-12-16,112,200,BLOCKED
2020-12-17,112,200,BLOCKED
2020-12-18,112,200,BLOCKED
2020-12-21,112,200,BLOCKED
2020-12-22,112,200,BLOCKED
2020-12-23,112,200,BLOCKED
2020-12-24,112,200,BLOCKED
2020-12-28,112,200,BLOCKED
2020-12-29,112,200,BLOCKED
2020-12-30,112,200,BLOCKED
2020-12-31,112,200,BLOCKED
2021-01-01,112,200,BLOCKED
2021-01-04,112,200,BLOCKED
2021-01-05,112,200,BLOCKED
2021-01-06,112,200,BLOCKED
2021-01-07,112,200,BLOCKED
2021-01-08,112,200,BLOCKED
2021-01-11,112,200,BLOCKED
2021-01-12,112,200,BLOCKED
2021-01-13,112,200,BLOCKED
2021-01-14,112,200,BLOCKED
2021-01-15,112,200,BLOCKED
2021-01-18,112,200,BLOCKED
2021-01-19,112,200,BLOCKED
2021-01-20,112,200,BLOCKED
2021-01-21,112,200,BLOCKED
2021-01-22,112,200,BLOCKED
2021-01-25,112,200,BLOCKED
2021-01-27,112,200,BLOCKED
2021-01-28,112,200,BLOCKED
2021-01-29,112,200,BLOCKED
2021-02-01,112,200,BLOCKED
2021-02-02,112,200,BLOCKED
2021-02-03,112,200,BLOCKED
2021-02-04,112,200,BLOCKED
2021-02-05,112,200,BLOCKED
2021-02-08,112,200,BLOCKED
2021-02-09,112,200,BLOCKED
2021-02-10,112,200,BLOCKED
2021-02-11,112,200,BLOCKED
2021-02-12,112,200,BLOCKED
2021-02-15,112,200,BLOCKED
2021-02-16,112,200,BLOCKED
2021-02-17,112,200,BLOCKED
2021-02-18,112,200,BLOCKED
2021-02-19,112,200,BLOCKED
2021-02-22,112,200,BLOCKED
2021-02-23,112,200,BLOCKED
2021-02-24,112,200,BLOCKED
2021-02-25,112,200,BLOCKED
2021-02-26,112,200,BLOCKED
2021-03-01,112,200,BLOCKED
2021-03-02,112,200,BLOCKED
2021-03-03,112,200,BLOCKED
2021-03-04,112,200,BLOCKED
2021-03-05,112,200,BLOCKED
2021-03-08,112,200,BLOCKED
2021-03-09,112,200,BLOCKED
2021-03-10,112,200,BLOCKED
2021-03-12,112,200,BLOCKED
2021-03-15,112,200,BLOCKED
2021-03-16,112,200,BLOCKED
2021-03-17,112,200,BLOCKED
2021-03-18,112,200,BLOCKED
2021-03-19,112,200,BLOCKED
2021-03-22,112,200,BLOCKED
2021-03-23,112,200,BLOCKED
2021-03-24,112,200,BLOCKED
2021-03-25,112,200,BLOCKED
2021-03-26,112,200,BLOCKED
2021-03-30,112,200,BLOCKED
2021-03-31,113,200,BLOCKED
2021-04-01,113,200,BLOCKED
2021-04-05,113,200,BLOCKED
2021-04-06,113,200,BLOCKED
2021-04-07,113,200,BLOCKED
2021-04-08,113,200,BLOCKED
2021-04-09,113,200,BLOCKED
2021-04-12,113,200,BLOCKED
2021-04-13,113,200,BLOCKED
2021-04-15,113,200,BLOCKED
2021-04-16,113,200,BLOCKED
2021-04-19,113,200,BLOCKED
2021-04-20,113,200,BLOCKED
2021-04-22,113,200,BLOCKED
2021-04-23,113,200,BLOCKED
2021-04-26,113,200,BLOCKED
2021-04-27,113,200,BLOCKED
2021-04-28,113,200,BLOCKED
2021-04-29,113,200,BLOCKED
2021-04-30,113,200,BLOCKED
2021-05-03,113,200,BLOCKED
2021-05-04,113,200,BLOCKED
2021-05-05,113,200,BLOCKED
2021-05-06,113,200,BLOCKED
2021-05-07,113,200,BLOCKED
2021-05-10,113,200,BLOCKED
2021-05-11,113,200,BLOCKED
2021-05-12,113,200,BLOCKED
2021-05-14,113,200,BLOCKED
2021-05-17,113,200,BLOCKED
2021-05-18,113,200,BLOCKED
2021-05-19,113,200,BLOCKED
2021-05-20,113,200,BLOCKED
2021-05-21,113,200,BLOCKED
2021-05-24,113,200,BLOCKED
2021-05-25,113,200,BLOCKED
2021-05-26,113,200,BLOCKED
2021-05-27,113,200,BLOCKED
2021-05-28,113,200,BLOCKED
2021-05-31,113,200,BLOCKED
2021-06-01,113,200,BLOCKED
2021-06-02,113,200,BLOCKED
2021-06-03,113,200,BLOCKED
2021-06-04,113,200,BLOCKED
2021-06-07,113,200,BLOCKED
2021-06-08,113,200,BLOCKED
2021-06-09,113,200,BLOCKED
2021-06-10,113,200,BLOCKED
2021-06-11,113,200,BLOCKED
2021-06-14,113,200,BLOCKED
2021-06-15,113,200,BLOCKED
2021-06-16,113,200,BLOCKED
2021-06-17,113,200,BLOCKED
2021-06-18,113,200,BLOCKED
2021-06-21,113,200,BLOCKED
2021-06-22,113,200,BLOCKED
2021-06-23,113,200,BLOCKED
2021-06-24,113,200,BLOCKED
2021-06-25,113,200,BLOCKED
2021-06-28,113,200,BLOCKED
2021-06-29,113,200,BLOCKED
2021-06-30,114,200,BLOCKED
2021-07-01,114,200,BLOCKED
2021-07-02,114,200,BLOCKED
2021-07-05,114,200,BLOCKED
2021-07-06,114,200,BLOCKED
2021-07-07,114,200,BLOCKED
2021-07-08,114,200,BLOCKED
2021-07-09,114,200,BLOCKED
2021-07-12,114,200,BLOCKED
2021-07-13,114,200,BLOCKED
2021-07-14,114,200,BLOCKED
2021-07-15,114,200,BLOCKED
2021-07-16,114,200,BLOCKED
2021-07-19,114,200,BLOCKED
2021-07-20,114,200,BLOCKED
2021-07-22,114,200,BLOCKED
2021-07-23,114,200,BLOCKED
2021-07-26,114,200,BLOCKED
2021-07-27,114,200,BLOCKED
2021-07-28,114,200,BLOCKED
2021-07-29,114,200,BLOCKED
2021-07-30,114,200,BLOCKED
2021-08-02,114,200,BLOCKED
2021-08-03,114,200,BLOCKED
2021-08-04,114,200,BLOCKED
2021-08-05,114,200,BLOCKED
2021-08-06,114,200,BLOCKED
2021-08-09,114,200,BLOCKED
2021-08-10,114,200,BLOCKED
2021-08-11,114,200,BLOCKED
2021-08-12,114,200,BLOCKED
2021-08-13,114,200,BLOCKED
2021-08-16,114,200,BLOCKED
2021-08-17,114,200,BLOCKED
2021-08-18,114,200,BLOCKED
2021-08-20,114,200,BLOCKED
2021-08-23,114,200,BLOCKED
2021-08-24,114,200,BLOCKED
2021-08-25,114,200,BLOCKED
2021-08-26,114,200,BLOCKED
2021-08-27,114,200,BLOCKED
2021-08-30,114,200,BLOCKED
2021-08-31,114,200,BLOCKED
2021-09-01,114,200,BLOCKED
2021-09-02,114,200,BLOCKED
2021-09-03,114,200,BLOCKED
2021-09-06,114,200,BLOCKED
2021-09-07,114,200,BLOCKED
2021-09-08,114,200,BLOCKED
2021-09-09,114,200,BLOCKED
2021-09-13,114,200,BLOCKED
2021-09-14,114,200,BLOCKED
2021-09-15,114,200,BLOCKED
2021-09-16,114,200,BLOCKED
2021-09-17,114,200,BLOCKED
2021-09-20,114,200,BLOCKED
2021-09-21,114,200,BLOCKED
2021-09-22,114,200,BLOCKED
2021-09-23,114,200,BLOCKED
2021-09-24,114,200,BLOCKED
2021-09-27,114,200,BLOCKED
2021-09-28,114,200,BLOCKED
2021-09-29,114,200,BLOCKED
2021-09-30,114,200,BLOCKED
2021-10-01,114,200,BLOCKED
2021-10-04,114,200,BLOCKED
2021-10-05,114,200,BLOCKED
2021-10-06,114,200,BLOCKED
2021-10-07,114,200,BLOCKED
2021-10-08,114,200,BLOCKED
2021-10-11,114,200,BLOCKED
2021-10-12,114,200,BLOCKED
2021-10-13,114,200,BLOCKED
2021-10-14,114,200,BLOCKED
2021-10-18,114,200,BLOCKED
2021-10-19,114,200,BLOCKED
2021-10-20,114,200,BLOCKED
2021-10-21,114,200,BLOCKED
2021-10-22,114,200,BLOCKED
2021-10-25,114,200,BLOCKED
2021-10-26,114,200,BLOCKED
2021-10-27,114,200,BLOCKED
2021-10-28,114,200,BLOCKED
2021-10-29,115,200,BLOCKED
2021-11-01,115,200,BLOCKED
2021-11-02,115,200,BLOCKED
2021-11-03,115,200,BLOCKED
2021-11-08,115,200,BLOCKED
2021-11-09,115,200,BLOCKED
2021-11-10,115,200,BLOCKED
2021-11-11,115,200,BLOCKED
2021-11-12,115,200,BLOCKED
2021-11-15,115,200,BLOCKED
2021-11-16,115,200,BLOCKED
2021-11-17,115,200,BLOCKED
2021-11-18,115,200,BLOCKED
2021-11-22,115,200,BLOCKED
2021-11-23,115,200,BLOCKED
2021-11-24,115,200,BLOCKED
2021-11-25,115,200,BLOCKED
2021-11-26,115,200,BLOCKED
2021-11-29,115,200,BLOCKED
2021-11-30,115,200,BLOCKED
2021-12-01,115,200,BLOCKED
2021-12-02,115,200,BLOCKED
2021-12-03,115,200,BLOCKED
2021-12-06,115,200,BLOCKED
2021-12-07,115,200,BLOCKED
2021-12-08,115,200,BLOCKED
2021-12-09,115,200,BLOCKED
2021-12-10,115,200,BLOCKED
2021-12-13,115,200,BLOCKED
2021-12-14,115,200,BLOCKED
2021-12-15,115,200,BLOCKED
2021-12-16,115,200,BLOCKED
2021-12-17,115,200,BLOCKED
2021-12-20,115,200,BLOCKED
2021-12-21,115,200,BLOCKED
2021-12-22,115,200,BLOCKED
2021-12-23,115,200,BLOCKED
2021-12-24,115,200,BLOCKED
2021-12-27,115,200,BLOCKED
2021-12-28,115,200,BLOCKED
2021-12-29,115,200,BLOCKED
2021-12-30,115,200,BLOCKED
2021-12-31,115,200,BLOCKED
2022-01-03,115,200,BLOCKED
2022-01-04,115,200,BLOCKED
2022-01-05,115,200,BLOCKED
2022-01-06,115,200,BLOCKED
2022-01-07,115,200,BLOCKED
2022-01-10,115,200,BLOCKED
2022-01-11,115,200,BLOCKED
2022-01-12,115,200,BLOCKED
2022-01-13,115,200,BLOCKED
2022-01-14,115,200,BLOCKED
2022-01-17,115,200,BLOCKED
2022-01-18,115,200,BLOCKED
2022-01-19,115,200,BLOCKED
2022-01-20,115,200,BLOCKED
2022-01-21,115,200,BLOCKED
2022-01-24,115,200,BLOCKED
2022-01-25,115,200,BLOCKED
2022-01-27,115,200,BLOCKED
2022-01-28,115,200,BLOCKED
2022-01-31,115,200,BLOCKED
2022-02-01,115,200,BLOCKED
2022-02-02,115,200,BLOCKED
2022-02-03,115,200,BLOCKED
2022-02-04,115,200,BLOCKED
2022-02-07,115,200,BLOCKED
2022-02-08,115,200,BLOCKED
2022-02-09,115,200,BLOCKED
2022-02-10,115,200,BLOCKED
2022-02-11,115,200,BLOCKED
2022-02-14,115,200,BLOCKED
2022-02-15,115,200,BLOCKED
2022-02-16,115,200,BLOCKED
2022-02-17,115,200,BLOCKED
2022-02-18,115,200,BLOCKED
2022-02-21,115,200,BLOCKED
2022-02-22,115,200,BLOCKED
2022-02-23,115,200,BLOCKED
2022-02-24,115,200,BLOCKED
2022-02-25,115,200,BLOCKED
2022-02-28,115,200,BLOCKED
2022-03-02,115,200,BLOCKED
2022-03-03,115,200,BLOCKED
2022-03-04,115,200,BLOCKED
2022-03-07,115,200,BLOCKED
2022-03-08,115,200,BLOCKED
2022-03-09,115,200,BLOCKED
2022-03-10,115,200,BLOCKED
2022-03-11,115,200,BLOCKED
2022-03-14,115,200,BLOCKED
2022-03-15,115,200,BLOCKED
2022-03-16,115,200,BLOCKED
2022-03-17,115,200,BLOCKED
2022-03-21,115,200,BLOCKED
2022-03-22,115,200,BLOCKED
2022-03-23,115,200,BLOCKED
2022-03-24,115,200,BLOCKED
2022-03-25,115,200,BLOCKED
2022-03-28,115,200,BLOCKED
2022-03-29,115,200,BLOCKED
2022-03-30,115,200,BLOCKED
2022-03-31,119,200,BLOCKED
2022-04-01,119,200,BLOCKED
2022-04-04,119,200,BLOCKED
2022-04-05,119,200,BLOCKED
2022-04-06,119,200,BLOCKED
2022-04-07,119,200,BLOCKED
2022-04-08,119,200,BLOCKED
2022-04-11,119,200,BLOCKED
2022-04-12,119,200,BLOCKED
2022-04-13,119,200,BLOCKED
2022-04-18,119,200,BLOCKED
2022-04-19,119,200,BLOCKED
2022-04-20,119,200,BLOCKED
2022-04-21,119,200,BLOCKED
2022-04-22,119,200,BLOCKED
2022-04-25,119,200,BLOCKED
2022-04-26,119,200,BLOCKED
2022-04-27,119,200,BLOCKED
2022-04-28,119,200,BLOCKED
2022-04-29,119,200,BLOCKED
2022-05-02,119,200,BLOCKED
2022-05-04,119,200,BLOCKED
2022-05-05,119,200,BLOCKED
2022-05-06,119,200,BLOCKED
2022-05-09,119,200,BLOCKED
2022-05-10,119,200,BLOCKED
2022-05-11,119,200,BLOCKED
2022-05-12,119,200,BLOCKED
2022-05-13,119,200,BLOCKED
2022-05-16,119,200,BLOCKED
2022-05-17,119,200,BLOCKED
2022-05-18,119,200,BLOCKED
2022-05-19,119,200,BLOCKED
2022-05-20,119,200,BLOCKED
2022-05-23,119,200,BLOCKED
2022-05-24,119,200,BLOCKED
2022-05-25,119,200,BLOCKED
2022-05-26,119,200,BLOCKED
2022-05-27,119,200,BLOCKED
2022-05-30,119,200,BLOCKED
2022-05-31,119,200,BLOCKED
2022-06-01,119,200,BLOCKED
2022-06-02,119,200,BLOCKED
2022-06-03,119,200,BLOCKED
2022-06-06,119,200,BLOCKED
2022-06-07,119,200,BLOCKED
2022-06-08,119,200,BLOCKED
2022-06-09,119,200,BLOCKED
2022-06-10,119,200,BLOCKED
2022-06-13,119,200,BLOCKED
2022-06-14,119,200,BLOCKED
2022-06-15,119,200,BLOCKED
2022-06-16,119,200,BLOCKED
2022-06-17,119,200,BLOCKED
2022-06-20,119,200,BLOCKED
2022-06-21,119,200,BLOCKED
2022-06-22,119,200,BLOCKED
2022-06-23,119,200,BLOCKED
2022-06-24,119,200,BLOCKED
2022-06-27,119,200,BLOCKED
2022-06-28,119,200,BLOCKED
2022-06-29,119,200,BLOCKED
2022-06-30,119,200,BLOCKED
2022-07-01,119,200,BLOCKED
2022-07-04,119,200,BLOCKED
2022-07-05,119,200,BLOCKED
2022-07-06,119,200,BLOCKED
2022-07-07,119,200,BLOCKED
2022-07-08,119,200,BLOCKED
2022-07-11,119,200,BLOCKED
2022-07-12,119,200,BLOCKED
2022-07-13,119,200,BLOCKED
2022-07-14,119,200,BLOCKED
2022-07-15,119,200,BLOCKED
2022-07-18,119,200,BLOCKED
2022-07-19,119,200,BLOCKED
2022-07-20,119,200,BLOCKED
2022-07-21,119,200,BLOCKED
2022-07-22,119,200,BLOCKED
2022-07-25,119,200,BLOCKED
2022-07-26,119,200,BLOCKED
2022-07-27,119,200,BLOCKED
2022-07-28,119,200,BLOCKED
2022-07-29,119,200,BLOCKED
2022-08-01,119,200,BLOCKED
2022-08-02,119,200,BLOCKED
2022-08-03,119,200,BLOCKED
2022-08-04,119,200,BLOCKED
2022-08-05,119,200,BLOCKED
2022-08-08,120,200,BLOCKED
2022-08-10,120,200,BLOCKED
2022-08-11,120,200,BLOCKED
2022-08-12,120,200,BLOCKED
2022-08-16,120,200,BLOCKED
2022-08-17,120,200,BLOCKED
2022-08-18,120,200,BLOCKED
2022-08-19,120,200,BLOCKED
2022-08-22,120,200,BLOCKED
2022-08-23,120,200,BLOCKED
2022-08-24,120,200,BLOCKED
2022-08-25,120,200,BLOCKED
2022-08-26,120,200,BLOCKED
2022-08-29,120,200,BLOCKED
2022-08-30,120,200,BLOCKED
2022-09-01,120,200,BLOCKED
2022-09-02,120,200,BLOCKED
2022-09-05,120,200,BLOCKED
2022-09-06,120,200,BLOCKED
2022-09-07,120,200,BLOCKED
2022-09-08,120,200,BLOCKED
2022-09-09,120,200,BLOCKED
2022-09-12,120,200,BLOCKED
2022-09-13,120,200,BLOCKED
2022-09-14,120,200,BLOCKED
2022-09-15,120,200,BLOCKED
2022-09-16,120,200,BLOCKED
2022-09-19,120,200,BLOCKED
2022-09-20,120,200,BLOCKED
2022-09-21,120,200,BLOCKED
2022-09-22,120,200,BLOCKED
2022-09-23,120,200,BLOCKED
2022-09-26,120,200,BLOCKED
2022-09-27,120,200,BLOCKED
2022-09-28,120,200,BLOCKED
2022-09-29,120,200,BLOCKED
2022-09-30,123,200,BLOCKED
2022-10-03,123,200,BLOCKED
2022-10-04,123,200,BLOCKED
2022-10-06,123,200,BLOCKED
2022-10-07,123,200,BLOCKED
2022-10-10,123,200,BLOCKED
2022-10-11,123,200,BLOCKED
2022-10-12,123,200,BLOCKED
2022-10-13,123,200,BLOCKED
2022-10-14,123,200,BLOCKED
2022-10-17,123,200,BLOCKED
2022-10-18,123,200,BLOCKED
2022-10-19,123,200,BLOCKED
2022-10-20,123,200,BLOCKED
2022-10-21,123,200,BLOCKED
2022-10-25,123,200,BLOCKED
2022-10-27,123,200,BLOCKED
2022-10-28,123,200,BLOCKED
2022-10-31,123,200,BLOCKED
2022-11-01,123,200,BLOCKED
2022-11-02,123,200,BLOCKED
2022-11-03,123,200,BLOCKED
2022-11-04,123,200,BLOCKED
2022-11-07,123,200,BLOCKED
2022-11-09,123,200,BLOCKED
2022-11-10,123,200,BLOCKED
2022-11-11,123,200,BLOCKED
2022-11-14,123,200,BLOCKED
2022-11-15,123,200,BLOCKED
2022-11-16,123,200,BLOCKED
2022-11-17,123,200,BLOCKED
2022-11-18,123,200,BLOCKED
2022-11-21,123,200,BLOCKED
2022-11-22,123,200,BLOCKED
2022-11-23,123,200,BLOCKED
2022-11-24,123,200,BLOCKED
2022-11-25,123,200,BLOCKED
2022-11-28,123,200,BLOCKED
2022-11-29,123,200,BLOCKED
2022-11-30,123,200,BLOCKED
2022-12-01,123,200,BLOCKED
2022-12-02,123,200,BLOCKED
2022-12-05,123,200,BLOCKED
2022-12-06,123,200,BLOCKED
2022-12-07,123,200,BLOCKED
2022-12-08,123,200,BLOCKED
2022-12-09,123,200,BLOCKED
2022-12-12,123,200,BLOCKED
2022-12-13,123,200,BLOCKED
2022-12-14,123,200,BLOCKED
2022-12-15,123,200,BLOCKED
2022-12-16,123,200,BLOCKED
2022-12-19,123,200,BLOCKED
2022-12-20,123,200,BLOCKED
2022-12-21,123,200,BLOCKED
2022-12-22,123,200,BLOCKED
2022-12-23,123,200,BLOCKED
2022-12-26,123,200,BLOCKED
2022-12-27,123,200,BLOCKED
2022-12-28,123,200,BLOCKED
2022-12-29,123,200,BLOCKED
2022-12-30,123,200,BLOCKED
2023-01-02,123,200,BLOCKED
2023-01-03,123,200,BLOCKED
2023-01-04,123,200,BLOCKED
2023-01-05,123,200,BLOCKED
2023-01-06,123,200,BLOCKED
2023-01-09,123,200,BLOCKED
2023-01-10,123,200,BLOCKED
2023-01-11,123,200,BLOCKED
2023-01-12,123,200,BLOCKED
2023-01-13,123,200,BLOCKED
2023-01-16,123,200,BLOCKED
2023-01-17,123,200,BLOCKED
2023-01-18,123,200,BLOCKED
2023-01-19,123,200,BLOCKED
2023-01-20,123,200,BLOCKED
2023-01-23,123,200,BLOCKED
2023-01-24,123,200,BLOCKED
2023-01-25,123,200,BLOCKED
2023-01-27,123,200,BLOCKED
2023-01-30,123,200,BLOCKED
2023-01-31,123,200,BLOCKED
2023-02-01,123,200,BLOCKED
2023-02-02,123,200,BLOCKED
2023-02-03,123,200,BLOCKED
2023-02-06,123,200,BLOCKED
2023-02-07,123,200,BLOCKED
2023-02-08,123,200,BLOCKED
2023-02-09,123,200,BLOCKED
2023-02-10,123,200,BLOCKED
2023-02-13,123,200,BLOCKED
2023-02-14,123,200,BLOCKED
2023-02-15,123,200,BLOCKED
2023-02-16,123,200,BLOCKED
2023-02-17,123,200,BLOCKED
2023-02-20,123,200,BLOCKED
2023-02-21,123,200,BLOCKED
2023-02-22,123,200,BLOCKED
2023-02-23,123,200,BLOCKED
2023-02-24,123,200,BLOCKED
2023-02-27,123,200,BLOCKED
2023-02-28,123,200,BLOCKED
2023-03-01,123,200,BLOCKED
2023-03-02,123,200,BLOCKED
2023-03-03,123,200,BLOCKED
2023-03-06,123,200,BLOCKED
2023-03-08,123,200,BLOCKED
2023-03-09,123,200,BLOCKED
2023-03-10,123,200,BLOCKED
2023-03-13,123,200,BLOCKED
2023-03-14,123,200,BLOCKED
2023-03-15,123,200,BLOCKED
2023-03-16,123,200,BLOCKED
2023-03-17,123,200,BLOCKED
2023-03-20,123,200,BLOCKED
2023-03-21,123,200,BLOCKED
2023-03-22,123,200,BLOCKED
2023-03-23,123,200,BLOCKED
2023-03-24,123,200,BLOCKED
2023-03-27,123,200,BLOCKED
2023-03-28,123,200,BLOCKED
2023-03-29,123,200,BLOCKED
2023-03-31,125,200,BLOCKED
2023-04-03,125,200,BLOCKED
2023-04-05,125,200,BLOCKED
2023-04-06,125,200,BLOCKED
2023-04-10,125,200,BLOCKED
2023-04-11,125,200,BLOCKED
2023-04-12,125,200,BLOCKED
2023-04-13,125,200,BLOCKED
2023-04-17,125,200,BLOCKED
2023-04-18,125,200,BLOCKED
2023-04-19,125,200,BLOCKED
2023-04-20,125,200,BLOCKED
2023-04-21,125,200,BLOCKED
2023-04-24,125,200,BLOCKED
2023-04-25,125,200,BLOCKED
2023-04-26,125,200,BLOCKED
2023-04-27,125,200,BLOCKED
2023-04-28,125,200,BLOCKED
2023-05-02,125,200,BLOCKED
2023-05-03,125,200,BLOCKED
2023-05-04,125,200,BLOCKED
2023-05-05,125,200,BLOCKED
2023-05-08,125,200,BLOCKED
2023-05-09,125,200,BLOCKED
2023-05-10,125,200,BLOCKED
2023-05-11,125,200,BLOCKED
2023-05-12,125,200,BLOCKED
2023-05-15,125,200,BLOCKED
2023-05-16,125,200,BLOCKED
2023-05-17,125,200,BLOCKED
2023-05-18,125,200,BLOCKED
2023-05-19,125,200,BLOCKED
2023-05-22,125,200,BLOCKED
2023-05-23,125,200,BLOCKED
2023-05-24,125,200,BLOCKED
2023-05-25,125,200,BLOCKED
2023-05-26,125,200,BLOCKED
2023-05-29,125,200,BLOCKED
2023-05-30,125,200,BLOCKED
2023-05-31,125,200,BLOCKED
2023-06-01,125,200,BLOCKED
2023-06-02,125,200,BLOCKED
2023-06-05,125,200,BLOCKED
2023-06-06,125,200,BLOCKED
2023-06-07,125,200,BLOCKED
2023-06-08,125,200,BLOCKED
2023-06-09,125,200,BLOCKED
2023-06-12,125,200,BLOCKED
2023-06-13,125,200,BLOCKED
2023-06-14,125,200,BLOCKED
2023-06-15,125,200,BLOCKED
2023-06-16,125,200,BLOCKED
2023-06-19,125,200,BLOCKED
2023-06-20,125,200,BLOCKED
2023-06-21,125,200,BLOCKED
2023-06-22,125,200,BLOCKED
2023-06-23,125,200,BLOCKED
2023-06-26,125,200,BLOCKED
2023-06-27,125,200,BLOCKED
2023-06-28,125,200,BLOCKED
2023-06-30,125,200,BLOCKED
2023-07-03,125,200,BLOCKED
2023-07-04,125,200,BLOCKED
2023-07-05,125,200,BLOCKED
2023-07-06,125,200,BLOCKED
2023-07-07,125,200,BLOCKED
2023-07-10,125,200,BLOCKED
2023-07-11,125,200,BLOCKED
2023-07-12,125,200,BLOCKED
2023-07-13,126,200,BLOCKED
2023-07-14,126,200,BLOCKED
2023-07-17,126,200,BLOCKED
2023-07-18,126,200,BLOCKED
2023-07-19,126,200,BLOCKED
2023-07-20,126,200,BLOCKED
2023-07-21,126,200,BLOCKED
2023-07-24,126,200,BLOCKED
2023-07-25,126,200,BLOCKED
2023-07-26,126,200,BLOCKED
2023-07-27,126,200,BLOCKED
2023-07-28,126,200,BLOCKED
2023-07-31,126,200,BLOCKED
2023-08-01,126,200,BLOCKED
2023-08-02,126,200,BLOCKED
2023-08-03,126,200,BLOCKED
2023-08-04,126,200,BLOCKED
2023-08-07,126,200,BLOCKED
2023-08-08,126,200,BLOCKED
2023-08-09,126,200,BLOCKED
2023-08-10,126,200,BLOCKED
2023-08-11,126,200,BLOCKED
2023-08-14,126,200,BLOCKED
2023-08-16,126,200,BLOCKED
2023-08-17,126,200,BLOCKED
2023-08-18,126,200,BLOCKED
2023-08-21,126,200,BLOCKED
2023-08-22,126,200,BLOCKED
2023-08-23,126,200,BLOCKED
2023-08-24,126,200,BLOCKED
2023-08-25,126,200,BLOCKED
2023-08-28,126,200,BLOCKED
2023-08-29,126,200,BLOCKED
2023-08-30,126,200,BLOCKED
2023-08-31,126,200,BLOCKED
2023-09-01,126,200,BLOCKED
2023-09-04,126,200,BLOCKED
2023-09-05,126,200,BLOCKED
2023-09-06,126,200,BLOCKED
2023-09-07,126,200,BLOCKED
2023-09-08,126,200,BLOCKED
2023-09-11,126,200,BLOCKED
2023-09-12,126,200,BLOCKED
2023-09-13,126,200,BLOCKED
2023-09-14,126,200,BLOCKED
2023-09-15,126,200,BLOCKED
2023-09-18,126,200,BLOCKED
2023-09-20,126,200,BLOCKED
2023-09-21,126,200,BLOCKED
2023-09-22,126,200,BLOCKED
2023-09-25,126,200,BLOCKED
2023-09-26,126,200,BLOCKED
2023-09-27,126,200,BLOCKED
2023-09-28,126,200,BLOCKED
2023-09-29,127,200,BLOCKED
2023-10-03,127,200,BLOCKED
2023-10-04,127,200,BLOCKED
2023-10-05,127,200,BLOCKED
2023-10-06,127,200,BLOCKED
2023-10-09,127,200,BLOCKED
2023-10-10,127,200,BLOCKED
2023-10-11,127,200,BLOCKED
2023-10-12,127,200,BLOCKED
2023-10-13,127,200,BLOCKED
2023-10-16,127,200,BLOCKED
2023-10-17,127,200,BLOCKED
2023-10-18,127,200,BLOCKED
2023-10-19,127,200,BLOCKED
2023-10-20,127,200,BLOCKED
2023-10-23,127,200,BLOCKED
2023-10-25,127,200,BLOCKED
2023-10-26,127,200,BLOCKED
2023-10-27,127,200,BLOCKED
2023-10-30,127,200,BLOCKED
2023-10-31,127,200,BLOCKED
2023-11-01,127,200,BLOCKED
2023-11-02,127,200,BLOCKED
2023-11-03,127,200,BLOCKED
2023-11-06,127,200,BLOCKED
2023-11-07,127,200,BLOCKED
2023-11-08,127,200,BLOCKED
2023-11-09,127,200,BLOCKED
2023-11-10,127,200,BLOCKED
2023-11-12,127,200,BLOCKED
2023-11-13,127,200,BLOCKED
2023-11-15,127,200,BLOCKED
2023-11-16,127,200,BLOCKED
2023-11-17,127,200,BLOCKED
2023-11-20,127,200,BLOCKED
2023-11-21,127,200,BLOCKED
2023-11-22,127,200,BLOCKED
2023-11-23,127,200,BLOCKED
2023-11-24,127,200,BLOCKED
2023-11-28,127,200,BLOCKED
2023-11-29,127,200,BLOCKED
2023-11-30,127,200,BLOCKED
2023-12-01,127,200,BLOCKED
2023-12-04,127,200,BLOCKED
2023-12-05,127,200,BLOCKED
2023-12-06,127,200,BLOCKED
2023-12-07,127,200,BLOCKED
2023-12-08,127,200,BLOCKED
2023-12-11,127,200,BLOCKED
2023-12-12,127,200,BLOCKED
2023-12-13,127,200,BLOCKED
2023-12-14,127,200,BLOCKED
2023-12-15,127,200,BLOCKED
2023-12-18,127,200,BLOCKED
2023-12-19,127,200,BLOCKED
2023-12-20,127,200,BLOCKED
2023-12-21,127,200,BLOCKED
2023-12-22,127,200,BLOCKED
2023-12-26,127,200,BLOCKED
2023-12-27,127,200,BLOCKED
2023-12-28,127,200,BLOCKED
2023-12-29,127,200,BLOCKED
2024-01-01,127,200,BLOCKED
2024-01-02,127,200,BLOCKED
2024-01-03,127,200,BLOCKED
2024-01-04,127,200,BLOCKED
2024-01-05,127,200,BLOCKED
2024-01-08,127,200,BLOCKED
2024-01-09,127,200,BLOCKED
2024-01-10,127,200,BLOCKED
2024-01-11,127,200,BLOCKED
2024-01-12,127,200,BLOCKED
2024-01-15,127,200,BLOCKED
2024-01-16,127,200,BLOCKED
2024-01-17,127,200,BLOCKED
2024-01-18,127,200,BLOCKED
2024-01-19,127,200,BLOCKED
2024-01-20,127,200,BLOCKED
2024-01-23,127,200,BLOCKED
2024-01-24,127,200,BLOCKED
2024-01-25,127,200,BLOCKED
2024-01-29,127,200,BLOCKED
2024-01-30,127,200,BLOCKED
2024-01-31,127,200,BLOCKED
2024-02-01,127,200,BLOCKED
2024-02-02,127,200,BLOCKED
2024-02-05,127,200,BLOCKED
2024-02-06,127,200,BLOCKED
2024-02-07,127,200,BLOCKED
2024-02-08,127,200,BLOCKED
2024-02-09,127,200,BLOCKED
2024-02-12,127,200,BLOCKED
2024-02-13,127,200,BLOCKED
2024-02-14,127,200,BLOCKED
2024-02-15,127,200,BLOCKED
2024-02-16,127,200,BLOCKED
2024-02-19,127,200,BLOCKED
2024-02-20,127,200,BLOCKED
2024-02-21,127,200,BLOCKED
2024-02-22,127,200,BLOCKED
2024-02-23,127,200,BLOCKED
2024-02-26,127,200,BLOCKED
2024-02-27,127,200,BLOCKED
2024-02-28,127,200,BLOCKED
2024-02-29,127,200,BLOCKED
2024-03-01,127,200,BLOCKED
2024-03-02,127,200,BLOCKED
2024-03-04,127,200,BLOCKED
2024-03-05,127,200,BLOCKED
2024-03-06,127,200,BLOCKED
2024-03-07,127,200,BLOCKED
2024-03-11,127,200,BLOCKED
2024-03-12,127,200,BLOCKED
2024-03-13,127,200,BLOCKED
2024-03-14,127,200,BLOCKED
2024-03-15,127,200,BLOCKED
2024-03-18,127,200,BLOCKED
2024-03-19,127,200,BLOCKED
2024-03-20,127,200,BLOCKED
2024-03-21,127,200,BLOCKED
2024-03-22,127,200,BLOCKED
2024-03-26,127,200,BLOCKED
2024-03-27,127,200,BLOCKED
2024-03-28,130,200,BLOCKED
2024-04-01,130,200,BLOCKED
2024-04-02,130,200,BLOCKED
2024-04-03,130,200,BLOCKED
2024-04-04,130,200,BLOCKED
2024-04-05,130,200,BLOCKED
2024-04-08,130,200,BLOCKED
2024-04-09,130,200,BLOCKED
2024-04-10,130,200,BLOCKED
2024-04-12,130,200,BLOCKED
2024-04-15,130,200,BLOCKED
2024-04-16,130,200,BLOCKED
2024-04-18,130,200,BLOCKED
2024-04-19,130,200,BLOCKED
2024-04-22,130,200,BLOCKED
2024-04-23,130,200,BLOCKED
2024-04-24,130,200,BLOCKED
2024-04-25,130,200,BLOCKED
2024-04-26,130,200,BLOCKED
2024-04-29,130,200,BLOCKED
2024-04-30,130,200,BLOCKED
2024-05-02,130,200,BLOCKED
2024-05-03,130,200,BLOCKED
2024-05-06,130,200,BLOCKED
2024-05-07,130,200,BLOCKED
2024-05-08,130,200,BLOCKED
2024-05-09,130,200,BLOCKED
2024-05-10,130,200,BLOCKED
2024-05-13,130,200,BLOCKED
2024-05-14,130,200,BLOCKED
2024-05-15,130,200,BLOCKED
2024-05-16,130,200,BLOCKED
2024-05-17,130,200,BLOCKED
2024-05-18,130,200,BLOCKED
2024-05-21,130,200,BLOCKED
2024-05-22,130,200,BLOCKED
2024-05-23,130,200,BLOCKED
2024-05-24,130,200,BLOCKED
2024-05-27,130,200,BLOCKED
2024-05-28,130,200,BLOCKED
2024-05-29,130,200,BLOCKED
2024-05-30,130,200,BLOCKED
2024-05-31,130,200,BLOCKED
2024-06-03,130,200,BLOCKED
2024-06-04,130,200,BLOCKED
2024-06-05,130,200,BLOCKED
2024-06-06,130,200,BLOCKED
2024-06-07,130,200,BLOCKED
2024-06-10,130,200,BLOCKED
2024-06-11,130,200,BLOCKED
2024-06-12,130,200,BLOCKED
2024-06-13,130,200,BLOCKED
2024-06-14,130,200,BLOCKED
2024-06-18,130,200,BLOCKED
2024-06-19,130,200,BLOCKED
2024-06-20,130,200,BLOCKED
2024-06-21,130,200,BLOCKED
2024-06-24,130,200,BLOCKED
2024-06-25,130,200,BLOCKED
2024-06-26,130,200,BLOCKED
2024-06-27,130,200,BLOCKED
2024-06-28,130,200,BLOCKED
2024-07-01,130,200,BLOCKED
2024-07-02,130,200,BLOCKED
2024-07-03,130,200,BLOCKED
2024-07-04,130,200,BLOCKED
2024-07-05,130,200,BLOCKED
2024-07-08,130,200,BLOCKED
2024-07-09,130,200,BLOCKED
2024-07-10,130,200,BLOCKED
2024-07-11,130,200,BLOCKED
2024-07-12,130,200,BLOCKED
2024-07-15,130,200,BLOCKED
2024-07-16,130,200,BLOCKED
2024-07-18,130,200,BLOCKED
2024-07-19,130,200,BLOCKED
2024-07-22,130,200,BLOCKED
2024-07-23,130,200,BLOCKED
2024-07-24,130,200,BLOCKED
2024-07-25,130,200,BLOCKED
2024-07-26,130,200,BLOCKED
2024-07-29,130,200,BLOCKED
2024-07-30,130,200,BLOCKED
2024-07-31,130,200,BLOCKED
2024-08-01,130,200,BLOCKED
2024-08-02,130,200,BLOCKED
2024-08-05,130,200,BLOCKED
2024-08-06,130,200,BLOCKED
2024-08-07,130,200,BLOCKED
2024-08-08,130,200,BLOCKED
2024-08-09,130,200,BLOCKED
2024-08-12,130,200,BLOCKED
2024-08-13,130,200,BLOCKED
2024-08-14,130,200,BLOCKED
2024-08-16,130,200,BLOCKED
2024-08-19,130,200,BLOCKED
2024-08-20,130,200,BLOCKED
2024-08-21,130,200,BLOCKED
2024-08-22,130,200,BLOCKED
2024-08-23,130,200,BLOCKED
2024-08-26,130,200,BLOCKED
2024-08-27,130,200,BLOCKED
2024-08-28,130,200,BLOCKED
2024-08-29,130,200,BLOCKED
2024-08-30,130,200,BLOCKED
2024-09-02,130,200,BLOCKED
2024-09-03,130,200,BLOCKED
2024-09-04,130,200,BLOCKED
2024-09-05,130,200,BLOCKED
2024-09-06,130,200,BLOCKED
2024-09-09,130,200,BLOCKED
2024-09-10,130,200,BLOCKED
2024-09-11,130,200,BLOCKED
2024-09-12,130,200,BLOCKED
2024-09-13,130,200,BLOCKED
2024-09-16,130,200,BLOCKED
2024-09-17,130,200,BLOCKED
2024-09-18,130,200,BLOCKED
2024-09-19,130,200,BLOCKED
2024-09-20,130,200,BLOCKED
2024-09-23,130,200,BLOCKED
2024-09-24,130,200,BLOCKED
2024-09-25,130,200,BLOCKED
2024-09-26,130,200,BLOCKED
2024-09-27,130,200,BLOCKED
2024-09-30,133,200,BLOCKED
2024-10-01,133,200,BLOCKED
2024-10-03,133,200,BLOCKED
2024-10-04,133,200,BLOCKED
2024-10-07,133,200,BLOCKED
2024-10-08,133,200,BLOCKED
2024-10-09,133,200,BLOCKED
2024-10-10,133,200,BLOCKED
2024-10-11,133,200,BLOCKED
2024-10-14,133,200,BLOCKED
2024-10-15,133,200,BLOCKED
2024-10-16,133,200,BLOCKED
2024-10-17,133,200,BLOCKED
2024-10-18,133,200,BLOCKED
2024-10-21,133,200,BLOCKED
2024-10-22,133,200,BLOCKED
2024-10-23,133,200,BLOCKED
2024-10-24,133,200,BLOCKED
2024-10-25,133,200,BLOCKED
2024-10-28,133,200,BLOCKED
2024-10-29,133,200,BLOCKED
2024-10-30,133,200,BLOCKED
2024-10-31,133,200,BLOCKED
2024-11-04,133,200,BLOCKED
2024-11-05,133,200,BLOCKED
2024-11-06,133,200,BLOCKED
2024-11-07,133,200,BLOCKED
2024-11-08,133,200,BLOCKED
2024-11-11,133,200,BLOCKED
2024-11-12,133,200,BLOCKED
2024-11-13,133,200,BLOCKED
2024-11-14,133,200,BLOCKED
2024-11-18,133,200,BLOCKED
2024-11-19,133,200,BLOCKED
2024-11-20,133,200,BLOCKED
2024-11-21,133,200,BLOCKED
2024-11-22,133,200,BLOCKED
2024-11-25,133,200,BLOCKED
2024-11-26,133,200,BLOCKED
2024-11-27,133,200,BLOCKED
2024-11-28,133,200,BLOCKED
2024-11-29,133,200,BLOCKED
2024-12-02,133,200,BLOCKED
2024-12-03,133,200,BLOCKED
2024-12-04,133,200,BLOCKED
2024-12-05,133,200,BLOCKED
2024-12-06,133,200,BLOCKED
2024-12-09,133,200,BLOCKED
2024-12-10,133,200,BLOCKED
2024-12-11,133,200,BLOCKED
2024-12-12,133,200,BLOCKED
2024-12-13,133,200,BLOCKED
2024-12-16,133,200,BLOCKED
2024-12-17,133,200,BLOCKED
2024-12-18,133,200,BLOCKED
2024-12-19,133,200,BLOCKED
2024-12-20,133,200,BLOCKED
2024-12-23,133,200,BLOCKED
2024-12-24,133,200,BLOCKED
2024-12-26,133,200,BLOCKED
2024-12-27,133,200,BLOCKED
2024-12-30,133,200,BLOCKED
2024-12-31,133,200,BLOCKED
2025-01-01,133,200,BLOCKED
2025-01-02,133,200,BLOCKED
2025-01-03,133,200,BLOCKED
2025-01-06,133,200,BLOCKED
2025-01-07,133,200,BLOCKED
2025-01-08,133,200,BLOCKED
2025-01-09,133,200,BLOCKED
2025-01-10,133,200,BLOCKED
2025-01-13,133,200,BLOCKED
2025-01-14,133,200,BLOCKED
2025-01-15,133,200,BLOCKED
2025-01-16,133,200,BLOCKED
2025-01-17,133,200,BLOCKED
2025-01-20,133,200,BLOCKED
2025-01-21,133,200,BLOCKED
2025-01-22,133,200,BLOCKED
2025-01-23,133,200,BLOCKED
2025-01-24,133,200,BLOCKED
2025-01-27,133,200,BLOCKED
2025-01-28,133,200,BLOCKED
2025-01-29,133,200,BLOCKED
2025-01-30,133,200,BLOCKED
2025-01-31,133,200,BLOCKED
2025-02-01,133,200,BLOCKED
2025-02-03,133,200,BLOCKED
2025-02-04,133,200,BLOCKED
2025-02-05,133,200,BLOCKED
2025-02-06,133,200,BLOCKED
2025-02-07,133,200,BLOCKED
2025-02-10,133,200,BLOCKED
2025-02-11,133,200,BLOCKED
2025-02-12,133,200,BLOCKED
2025-02-13,133,200,BLOCKED
2025-02-14,133,200,BLOCKED
2025-02-17,133,200,BLOCKED
2025-02-18,133,200,BLOCKED
2025-02-19,133,200,BLOCKED
2025-02-20,133,200,BLOCKED
2025-02-21,133,200,BLOCKED
2025-02-24,133,200,BLOCKED
2025-02-25,133,200,BLOCKED
2025-02-27,133,200,BLOCKED
2025-02-28,133,200,BLOCKED
2025-03-03,133,200,BLOCKED
2025-03-04,133,200,BLOCKED
2025-03-05,133,200,BLOCKED
2025-03-06,133,200,BLOCKED
2025-03-07,133,200,BLOCKED
2025-03-10,133,200,BLOCKED
2025-03-11,133,200,BLOCKED
2025-03-12,133,200,BLOCKED
2025-03-13,133,200,BLOCKED
2025-03-17,133,200,BLOCKED
2025-03-18,133,200,BLOCKED
2025-03-19,133,200,BLOCKED
2025-03-20,133,200,BLOCKED
2025-03-21,133,200,BLOCKED
2025-03-24,133,200,BLOCKED
2025-03-25,133,200,BLOCKED
2025-03-26,133,200,BLOCKED
2025-03-27,133,200,BLOCKED
2025-03-28,133,200,BLOCKED
2025-04-01,133,200,BLOCKED
2025-04-02,133,200,BLOCKED
2025-04-03,133,200,BLOCKED
2025-04-04,133,200,BLOCKED
2025-04-07,133,200,BLOCKED
2025-04-08,133,200,BLOCKED
2025-04-09,133,200,BLOCKED
2025-04-11,133,200,BLOCKED
2025-04-15,133,200,BLOCKED
2025-04-16,133,200,BLOCKED
2025-04-17,133,200,BLOCKED
2025-04-21,133,200,BLOCKED
2025-04-22,133,200,BLOCKED
2025-04-23,133,200,BLOCKED
2025-04-24,133,200,BLOCKED
2025-04-25,133,200,BLOCKED
2025-04-28,133,200,BLOCKED
2025-04-29,133,200,BLOCKED
2025-04-30,133,200,BLOCKED
2025-05-02,133,200,BLOCKED
2025-05-05,133,200,BLOCKED
2025-05-06,133,200,BLOCKED
2025-05-07,133,200,BLOCKED
2025-05-08,133,200,BLOCKED
2025-05-09,133,200,BLOCKED
2025-05-12,133,200,BLOCKED
2025-05-13,133,200,BLOCKED
2025-05-14,133,200,BLOCKED
2025-05-15,133,200,BLOCKED
2025-05-16,133,200,BLOCKED
2025-05-19,133,200,BLOCKED
2025-05-20,133,200,BLOCKED
2025-05-21,133,200,BLOCKED
2025-05-22,133,200,BLOCKED
2025-05-23,133,200,BLOCKED
2025-05-26,133,200,BLOCKED
2025-05-27,133,200,BLOCKED
2025-05-28,133,200,BLOCKED
2025-05-29,133,200,BLOCKED
2025-05-30,133,200,BLOCKED
2025-06-02,133,200,BLOCKED
2025-06-03,133,200,BLOCKED
2025-06-04,133,200,BLOCKED
2025-06-05,133,200,BLOCKED
2025-06-06,133,200,BLOCKED
2025-06-09,133,200,BLOCKED
2025-06-10,133,200,BLOCKED
2025-06-11,133,200,BLOCKED
2025-06-12,133,200,BLOCKED
2025-06-13,133,200,BLOCKED
2025-06-16,133,200,BLOCKED
2025-06-17,133,200,BLOCKED
2025-06-18,133,200,BLOCKED
2025-06-19,133,200,BLOCKED
2025-06-20,133,200,BLOCKED
2025-06-23,133,200,BLOCKED
2025-06-24,133,200,BLOCKED
2025-06-25,133,200,BLOCKED
2025-06-26,133,200,BLOCKED
2025-06-27,133,200,BLOCKED
2025-06-30,133,200,BLOCKED
2025-07-01,133,200,BLOCKED
2025-07-02,133,200,BLOCKED
2025-07-03,133,200,BLOCKED
2025-07-04,133,200,BLOCKED
2025-07-07,133,200,BLOCKED
2025-07-08,133,200,BLOCKED
2025-07-09,133,200,BLOCKED
2025-07-10,133,200,BLOCKED
2025-07-11,133,200,BLOCKED
2025-07-14,133,200,BLOCKED
2025-07-15,133,200,BLOCKED
2025-07-16,133,200,BLOCKED
2025-07-17,133,200,BLOCKED
2025-07-18,133,200,BLOCKED
2025-07-21,133,200,BLOCKED
2025-07-22,133,200,BLOCKED
2025-07-23,133,200,BLOCKED
2025-07-24,133,200,BLOCKED
2025-07-25,133,200,BLOCKED
2025-07-28,133,200,BLOCKED
2025-07-29,133,200,BLOCKED
2025-07-30,133,200,BLOCKED
2025-07-31,133,200,BLOCKED
2025-08-01,133,200,BLOCKED
2025-08-04,133,200,BLOCKED
2025-08-05,133,200,BLOCKED
2025-08-06,133,200,BLOCKED
2025-08-07,133,200,BLOCKED
2025-08-08,133,200,BLOCKED
2025-08-11,133,200,BLOCKED
2025-08-12,133,200,BLOCKED
2025-08-13,133,200,BLOCKED
2025-08-14,133,200,BLOCKED
2025-08-18,133,200,BLOCKED
2025-08-19,133,200,BLOCKED
2025-08-20,133,200,BLOCKED
2025-08-21,133,200,BLOCKED
2025-08-22,133,200,BLOCKED
2025-08-25,133,200,BLOCKED
2025-08-26,133,200,BLOCKED
2025-08-28,133,200,BLOCKED
2025-08-29,133,200,BLOCKED
2025-09-01,133,200,BLOCKED
2025-09-02,133,200,BLOCKED
2025-09-03,133,200,BLOCKED
2025-09-04,133,200,BLOCKED
2025-09-05,133,200,BLOCKED
2025-09-08,133,200,BLOCKED
2025-09-09,133,200,BLOCKED
2025-09-10,133,200,BLOCKED
2025-09-11,133,200,BLOCKED
2025-09-12,133,200,BLOCKED
2025-09-15,133,200,BLOCKED
2025-09-16,133,200,BLOCKED
2025-09-17,133,200,BLOCKED
2025-09-18,133,200,BLOCKED
2025-09-19,133,200,BLOCKED
2025-09-22,133,200,BLOCKED
2025-09-23,133,200,BLOCKED
2025-09-24,133,200,BLOCKED
2025-09-25,133,200,BLOCKED
2025-09-26,133,200,BLOCKED
2025-09-29,133,200,BLOCKED
2025-09-30,133,200,BLOCKED
2025-10-01,133,200,BLOCKED
2025-10-03,133,200,BLOCKED
2025-10-06,133,200,BLOCKED
2025-10-07,133,200,BLOCKED
2025-10-08,133,200,BLOCKED
2025-10-09,133,200,BLOCKED
2025-10-10,133,200,BLOCKED
2025-10-13,133,200,BLOCKED
2025-10-14,133,200,BLOCKED
2025-10-15,133,200,BLOCKED
2025-10-16,133,200,BLOCKED
2025-10-17,133,200,BLOCKED
2025-10-20,133,200,BLOCKED
2025-10-23,133,200,BLOCKED
2025-10-24,133,200,BLOCKED
2025-10-27,133,200,BLOCKED
2025-10-28,133,200,BLOCKED
2025-10-29,133,200,BLOCKED
2025-10-30,133,200,BLOCKED
2025-10-31,133,200,BLOCKED
2025-11-03,133,200,BLOCKED
2025-11-04,133,200,BLOCKED
2025-11-06,133,200,BLOCKED
2025-11-07,133,200,BLOCKED
2025-11-10,133,200,BLOCKED
2025-11-11,133,200,BLOCKED
2025-11-12,133,200,BLOCKED
2025-11-13,133,200,BLOCKED
2025-11-14,133,200,BLOCKED
2025-11-17,133,200,BLOCKED
2025-11-18,133,200,BLOCKED
2025-11-19,133,200,BLOCKED
2025-11-20,133,200,BLOCKED
2025-11-21,133,200,BLOCKED
2025-11-24,133,200,BLOCKED
2025-11-25,133,200,BLOCKED
2025-11-26,133,200,BLOCKED
2025-11-27,133,200,BLOCKED
2025-11-28,133,200,BLOCKED
2025-12-01,133,200,BLOCKED
2025-12-02,133,200,BLOCKED
2025-12-03,133,200,BLOCKED
2025-12-04,133,200,BLOCKED
2025-12-05,133,200,BLOCKED
2025-12-08,133,200,BLOCKED
2025-12-09,133,200,BLOCKED
2025-12-10,133,200,BLOCKED
2025-12-11,133,200,BLOCKED
2025-12-12,133,200,BLOCKED
2025-12-15,133,200,BLOCKED
2025-12-16,133,200,BLOCKED
2025-12-17,133,200,BLOCKED
2025-12-18,133,200,BLOCKED
2025-12-19,133,200,BLOCKED
2025-12-22,133,200,BLOCKED
2025-12-23,133,200,BLOCKED
2025-12-24,133,200,BLOCKED
2025-12-26,133,200,BLOCKED
2025-12-29,133,200,BLOCKED
2025-12-30,133,200,BLOCKED
2025-12-31,133,200,BLOCKED
2026-01-01,133,200,BLOCKED
2026-01-02,133,200,BLOCKED
2026-01-05,133,200,BLOCKED
2026-01-06,133,200,BLOCKED
2026-01-07,133,200,BLOCKED
2026-01-08,133,200,BLOCKED
2026-01-09,133,200,BLOCKED
2026-01-12,133,200,BLOCKED
2026-01-13,133,200,BLOCKED
2026-01-14,133,200,BLOCKED
2026-01-15,133,200,BLOCKED
2026-01-16,133,200,BLOCKED
2026-01-19,133,200,BLOCKED
2026-01-20,133,200,BLOCKED
2026-01-21,133,200,BLOCKED
2026-01-22,133,200,BLOCKED
2026-01-23,133,200,BLOCKED
2026-01-27,133,200,BLOCKED
2026-01-28,133,200,BLOCKED
2026-01-29,133,200,BLOCKED
2026-01-30,133,200,BLOCKED
2026-02-02,133,200,BLOCKED
2026-02-03,133,200,BLOCKED
2026-02-04,133,200,BLOCKED
2026-02-05,133,200,BLOCKED
2026-02-06,133,200,BLOCKED
2026-02-09,133,200,BLOCKED
2026-02-10,133,200,BLOCKED
2026-02-11,133,200,BLOCKED
2026-02-12,133,200,BLOCKED
2026-02-13,133,200,BLOCKED
2026-02-16,133,200,BLOCKED
2026-02-17,133,200,BLOCKED
2026-02-18,133,200,BLOCKED
2026-02-19,133,200,BLOCKED
2026-02-20,133,200,BLOCKED
2026-02-23,133,200,BLOCKED
2026-02-24,133,200,BLOCKED
2026-02-25,133,200,BLOCKED
2026-02-26,133,200,BLOCKED
2026-02-27,133,200,BLOCKED
2026-03-02,133,200,BLOCKED
2026-03-04,133,200,BLOCKED
2026-03-05,133,200,BLOCKED
2026-03-06,133,200,BLOCKED
2026-03-09,133,200,BLOCKED
2026-03-10,133,200,BLOCKED
2026-03-11,133,200,BLOCKED
2026-03-12,133,200,BLOCKED
2026-03-13,133,200,BLOCKED
2026-03-16,133,200,BLOCKED
2026-03-17,133,200,BLOCKED
2026-03-18,133,200,BLOCKED
2026-03-19,133,200,BLOCKED
2026-03-20,133,200,BLOCKED
2026-03-23,133,200,BLOCKED
2026-03-24,133,200,BLOCKED
2026-03-25,133,200,BLOCKED
2026-03-27,133,200,BLOCKED
2026-03-30,135,200,BLOCKED
2026-04-01,135,200,BLOCKED
2026-04-02,135,200,BLOCKED
2026-04-06,135,200,BLOCKED
2026-04-07,135,200,BLOCKED
2026-04-08,135,200,BLOCKED
2026-04-09,135,200,BLOCKED
2026-04-10,135,200,BLOCKED
2026-04-13,135,200,BLOCKED
2026-04-15,135,200,BLOCKED
2026-04-16,135,200,BLOCKED
2026-04-17,135,200,BLOCKED
2026-04-20,135,200,BLOCKED
2026-04-21,135,200,BLOCKED
2026-04-22,135,200,BLOCKED
2026-04-23,135,200,BLOCKED
2026-04-24,135,200,BLOCKED
2026-04-27,135,200,BLOCKED
2026-04-28,135,200,BLOCKED
2026-04-29,135,200,BLOCKED
2026-04-30,135,200,BLOCKED
2026-05-04,135,200,BLOCKED
2026-05-05,135,200,BLOCKED
2026-05-06,135,200,BLOCKED
2026-05-07,135,200,BLOCKED
2026-05-08,135,200,BLOCKED
2026-05-11,135,200,BLOCKED
2026-05-12,135,200,BLOCKED
2026-05-13,135,200,BLOCKED
2026-05-14,135,200,BLOCKED
2026-05-15,135,200,BLOCKED
2026-05-18,135,200,BLOCKED
2026-05-19,135,200,BLOCKED
2026-05-20,135,200,BLOCKED
2026-05-21,135,200,BLOCKED
2026-05-22,135,200,BLOCKED
2026-05-25,135,200,BLOCKED
2026-05-26,135,200,BLOCKED
2026-05-27,135,200,BLOCKED
2026-05-29,135,200,BLOCKED
2026-06-01,135,200,BLOCKED
2026-06-02,135,200,BLOCKED
2026-06-03,135,200,BLOCKED
2026-06-04,135,200,BLOCKED
2026-06-05,135,200,BLOCKED
2026-06-08,135,200,BLOCKED
2026-06-09,135,200,BLOCKED
2026-06-10,135,200,BLOCKED
2026-06-11,135,200,BLOCKED
2026-06-12,135,200,BLOCKED
2026-06-15,135,200,BLOCKED
2026-06-16,135,200,BLOCKED
2026-06-17,135,200,BLOCKED
2026-06-18,135,200,BLOCKED
2026-06-19,135,200,BLOCKED
2026-06-22,135,200,BLOCKED
2026-06-23,135,200,BLOCKED
2026-06-24,135,200,BLOCKED
2026-06-25,135,200,BLOCKED
2026-06-29,135,200,BLOCKED
2026-06-30,135,200,BLOCKED
2026-07-01,135,200,BLOCKED
2026-07-02,135,200,BLOCKED
2026-07-03,135,200,BLOCKED
2026-07-06,135,200,BLOCKED
2026-07-07,135,200,BLOCKED
2026-07-08,135,200,BLOCKED
2026-07-09,135,200,BLOCKED
2026-07-10,135,200,BLOCKED
2026-07-13,135,200,BLOCKED
2026-07-14,135,200,BLOCKED
2026-07-15,135,200,BLOCKED
2026-07-16,135,200,BLOCKED
2026-07-17,135,200,BLOCKED
2026-07-20,135,200,BLOCKED
2026-07-21,135,200,BLOCKED
2026-07-22,135,200,BLOCKED
2026-07-23,135,200,BLOCKED
2026-07-24,135,200,BLOCKED
2026-07-27,135,200,BLOCKED
2026-07-28,135,200,BLOCKED
2026-07-29,135,200,BLOCKED
2026-07-30,135,200,BLOCKED
2026-07-31,135,200,BLOCKED
2026-08-03,135,200,BLOCKED
2026-08-04,135,200,BLOCKED
2026-08-05,135,200,BLOCKED
2026-08-06,135,200,BLOCKED
2026-08-07,135,200,BLOCKED
2026-08-10,135,200,BLOCKED
2026-08-11,135,200,BLOCKED
2026-08-12,135,200,BLOCKED
2026-08-13,135,200,BLOCKED
2026-08-14,135,200,BLOCKED
2026-08-17,135,200,BLOCKED
2026-08-18,135,200,BLOCKED
2026-08-19,135,200,BLOCKED
2026-08-20,135,200,BLOCKED
