case_id,event_id,effective_date,action,raw_company,raw_symbol,existing_instrument_id,existing_isin,final_status,resolved_symbol,resolved_isin,resolved_instrument_id,valid_from,valid_until,source_url,source_document,source_sha256,source_tier,resolution_type,notes
identity-87aaa2d4cf743403,87aaa2d4cf74340360db0a874557fcb7e5d069e48939ead9e27d2161ca3bd802,2026-03-30,,Bajaj Housing Finance Ltd.,BAJAJHFL,,,UNRESOLVED,,,,,,https://www.niftyindices.com/Press_Release/ind_prs23022026.pdf,ind_prs23022026.pdf,cb5830aff1e8715997d9204509315f393ed961838ebc14e986fcb800c62e5a0b,A1,MANUAL_REVIEW,An authoritative historical security-master or corporate-action document linking the dated symbol/company to the exact ISIN.
identity-2b9ed3cb12495724,2b9ed3cb1249572452bda23042cce0a665fc43d3e568b2686ebcc470ed7c9171,2026-03-30,,Bharti Hexacom Ltd.,BHARTIHEXA,,,UNRESOLVED,,,,,,https://www.niftyindices.com/Press_Release/ind_prs23022026.pdf,ind_prs23022026.pdf,cb5830aff1e8715997d9204509315f393ed961838ebc14e986fcb800c62e5a0b,A1,MANUAL_REVIEW,An authoritative historical security-master or corporate-action document linking the dated symbol/company to the exact ISIN.
identity-b9f088cbb97d6e00,b9f088cbb97d6e00185cef0d2140f7117606bb19f20bb30c06fca02d80b51b8b,2026-03-30,,ITC Hotels Ltd.,ITCHOTELS,,,UNRESOLVED,,,,,,https://www.niftyindices.com/Press_Release/ind_prs23022026.pdf,ind_prs23022026.pdf,cb5830aff1e8715997d9204509315f393ed961838ebc14e986fcb800c62e5a0b,A1,MANUAL_REVIEW,An authoritative historical security-master or corporate-action document linking the dated symbol/company to the exact ISIN.
identity-c7e3cfdca39c1d56,c7e3cfdca39c1d5626c5c51d10ff03cd6577ae547c5512df7f5a0ae8129296d2,2026-03-30,,Life Insurance Corporation of India,LICI,,,UNRESOLVED,,,,,,https://www.niftyindices.com/Press_Release/ind_prs23022026.pdf,ind_prs23022026.pdf,cb5830aff1e8715997d9204509315f393ed961838ebc14e986fcb800c62e5a0b,A1,MANUAL_REVIEW,An authoritative historical security-master or corporate-action document linking the dated symbol/company to the exact ISIN.
identity-c915971f7d3343ea,c915971f7d3343ea89e45eb5c0ed0da48561904e00a85de6bc0be5e4860f70a2,2026-03-30,,NTPC Green Energy Ltd.,NTPCGREEN,,,UNRESOLVED,,,,,,https://www.niftyindices.com/Press_Release/ind_prs23022026.pdf,ind_prs23022026.pdf,cb5830aff1e8715997d9204509315f393ed961838ebc14e986fcb800c62e5a0b,A1,MANUAL_REVIEW,An authoritative historical security-master or corporate-action document linking the dated symbol/company to the exact ISIN.
identity-4df60f0dcba945bb,4df60f0dcba945bbff570bc0b38977d1bc5f8b24b42e1b1423c0fb6f275c6da3,2026-03-30,,Sona BLW Precision Forgings Ltd.,SONACOMS,,,UNRESOLVED,,,,,,https://www.niftyindices.com/Press_Release/ind_prs23022026.pdf,ind_prs23022026.pdf,cb5830aff1e8715997d9204509315f393ed961838ebc14e986fcb800c62e5a0b,A1,MANUAL_REVIEW,An authoritative historical security-master or corporate-action document linking the dated symbol/company to the exact ISIN.
identity-375ca12ed43791d3,375ca12ed43791d3004beaf0b1c83a3e4dfa4647f96ac27893f18fd36441a0a2,2026-03-30,,Tata Technologies Ltd.,TATATECH,,,UNRESOLVED,,,,,,https://www.niftyindices.com/Press_Release/ind_prs23022026.pdf,ind_prs23022026.pdf,cb5830aff1e8715997d9204509315f393ed961838ebc14e986fcb800c62e5a0b,A1,MANUAL_REVIEW,An authoritative historical security-master or corporate-action document linking the dated symbol/company to the exact ISIN.
identity-43bd749cabd76dcd,43bd749cabd76dcdee625a6da47c62a67761443851dd3a8f0788f9683928d1df,2026-03-30,,Billionbrains Garage Ventures Ltd.,GROWW,,,UNRESOLVED,,,,,,https://www.niftyindices.com/Press_Release/ind_prs23022026.pdf,ind_prs23022026.pdf,cb5830aff1e8715997d9204509315f393ed961838ebc14e986fcb800c62e5a0b,A1,MANUAL_REVIEW,An authoritative historical security-master or corporate-action document linking the dated symbol/company to the exact ISIN.
identity-e600aa7d444b0f25,e600aa7d444b0f25550722eaada1eb7d8b28b8ac05d9e8f8509de3cc632c1ac4,2026-03-30,,GE Vernova T&D India Ltd.,GVT&D,,,UNRESOLVED,,,,,,https://www.niftyindices.com/Press_Release/ind_prs23022026.pdf,ind_prs23022026.pdf,cb5830aff1e8715997d9204509315f393ed961838ebc14e986fcb800c62e5a0b,A1,MANUAL_REVIEW,An authoritative historical security-master or corporate-action document linking the dated symbol/company to the exact ISIN.
identity-6e82a2bdf48ad15d,6e82a2bdf48ad15d6677ef4cb6632a8637f349257ec5e2248b3fc79a87e2f65b,2026-03-30,,ICICI Prudential Asset Management Company Ltd.,ICICIAMC,,,UNRESOLVED,,,,,,https://www.niftyindices.com/Press_Release/ind_prs23022026.pdf,ind_prs23022026.pdf,cb5830aff1e8715997d9204509315f393ed961838ebc14e986fcb800c62e5a0b,A1,MANUAL_REVIEW,An authoritative historical security-master or corporate-action document linking the dated symbol/company to the exact ISIN.
identity-bfd30e8bfbc11c40,bfd30e8bfbc11c40cd0bf20e30edca02b2b23a91cc0f15bab8fa4ec1d51ea7e0,2026-03-30,,Lenskart Solutions Ltd.,LENSKART,,,UNRESOLVED,,,,,,https://www.niftyindices.com/Press_Release/ind_prs23022026.pdf,ind_prs23022026.pdf,cb5830aff1e8715997d9204509315f393ed961838ebc14e986fcb800c62e5a0b,A1,MANUAL_REVIEW,An authoritative historical security-master or corporate-action document linking the dated symbol/company to the exact ISIN.
identity-b56708bd3773f25c,b56708bd3773f25c239410481686301e1285e2c77c9a1a722c3c708af5e7a138,2026-03-30,,LG Electronics India Ltd.,LGEINDIA,,,UNRESOLVED,,,,,,https://www.niftyindices.com/Press_Release/ind_prs23022026.pdf,ind_prs23022026.pdf,cb5830aff1e8715997d9204509315f393ed961838ebc14e986fcb800c62e5a0b,A1,MANUAL_REVIEW,An authoritative historical security-master or corporate-action document linking the dated symbol/company to the exact ISIN.
identity-2dc8a8299ff101e6,2dc8a8299ff101e615868ffbbe0bc0b3a7ce5974178177478f4fc06c3a5399d8,2026-03-30,,Tata Capital Ltd.,TATACAP,,,UNRESOLVED,,,,,,https://www.niftyindices.com/Press_Release/ind_prs23022026.pdf,ind_prs23022026.pdf,cb5830aff1e8715997d9204509315f393ed961838ebc14e986fcb800c62e5a0b,A1,MANUAL_REVIEW,An authoritative historical security-master or corporate-action document linking the dated symbol/company to the exact ISIN.
identity-fec0c94be6ff0564,fec0c94be6ff05646615b983f63777408e2a87ed1bb73bde851a192de96c2960,2026-03-30,,Tata Motors Ltd.,TMCV,,,UNRESOLVED,,,,,,https://www.niftyindices.com/Press_Release/ind_prs23022026.pdf,ind_prs23022026.pdf,cb5830aff1e8715997d9204509315f393ed961838ebc14e986fcb800c62e5a0b,A1,MANUAL_REVIEW,An authoritative historical security-master or corporate-action document linking the dated symbol/company to the exact ISIN.
identity-401028c04447cac9,401028c04447cac938d8c09b1e216540f9737e59baf5182cad7fb95e7d6cc856,2025-09-30,,Ola Electric Mobility Ltd.,OLAELEC,,,UNRESOLVED,,,,,,https://www.niftyindices.com/Press_Release/ind_prs22082025.pdf,ind_prs22082025.pdf,731113af85aad6b54cce359d5465d84e6062b28b03c21cd9922a20a3f44d2de1,A1,MANUAL_REVIEW,An authoritative historical security-master or corporate-action document linking the dated symbol/company to the exact ISIN.
identity-3575237c02a34d8a,3575237c02a34d8aab97b332f7e3af570a0a29828a2e85cfbbfa9d0282fbad3a,2025-09-30,,360 ONE WAM Ltd.,360ONE,,,UNRESOLVED,,,,,,https://www.niftyindices.com/Press_Release/ind_prs22082025.pdf,ind_prs22082025.pdf,731113af85aad6b54cce359d5465d84e6062b28b03c21cd9922a20a3f44d2de1,A1,MANUAL_REVIEW,An authoritative historical security-master or corporate-action document linking the dated symbol/company to the exact ISIN.
identity-0dc78c19572b74fa,0dc78c19572b74fa9a4496218d393efd019d05f8c8d6a21b10cad0ab0bcb2f4d,2025-09-30,,ITC Hotels Ltd.,ITCHOTELS,,,UNRESOLVED,,,,,,https://www.niftyindices.com/Press_Release/ind_prs22082025.pdf,ind_prs22082025.pdf,731113af85aad6b54cce359d5465d84e6062b28b03c21cd9922a20a3f44d2de1,A1,MANUAL_REVIEW,An authoritative historical security-master or corporate-action document linking the dated symbol/company to the exact ISIN.
identity-9d3f81994781de4e,9d3f81994781de4e3c3941469c2aa4167e995c11fb25d2ae1a04e8d38ff2ec76,2025-09-30,,Siemens Energy India Ltd.,ENRIN,,,UNRESOLVED,,,,,,https://www.niftyindices.com/Press_Release/ind_prs22082025.pdf,ind_prs22082025.pdf,731113af85aad6b54cce359d5465d84e6062b28b03c21cd9922a20a3f44d2de1,A1,MANUAL_REVIEW,An authoritative historical security-master or corporate-action document linking the dated symbol/company to the exact ISIN.
identity-ee7345008dbca200,ee7345008dbca2007fa53b3ee7e263703b15e3d8a55f333d185498f41cb87c4c,2025-03-28,,Delhivery Ltd.,DELHIVERY,,,UNRESOLVED,,,,,,https://www.niftyindices.com/Press_Release/ind_prs21022025.pdf,ind_prs21022025.pdf,1b3a52abf5954f4b213f5b555ee8776ff596f0adde0612cfdd5409b109195370,A1,MANUAL_REVIEW,An authoritative historical security-master or corporate-action document linking the dated symbol/company to the exact ISIN.
identity-9f8deabc66ea9d70,9f8deabc66ea9d70013897bf4dd9e2b328f62b9dcbbbdfcf244901d37a202685,2025-03-28,,JSW Infrastructure Ltd.,JSWINFRA,,,UNRESOLVED,,,,,,https://www.niftyindices.com/Press_Release/ind_prs21022025.pdf,ind_prs21022025.pdf,1b3a52abf5954f4b213f5b555ee8776ff596f0adde0612cfdd5409b109195370,A1,MANUAL_REVIEW,An authoritative historical security-master or corporate-action document linking the dated symbol/company to the exact ISIN.
identity-674210cf81bd7ccc,674210cf81bd7ccc7ffecf5fa4eea7e310084322b9e06f94542ee98c6bd759a5,2025-03-28,,Poonawalla Fincorp Ltd.,POONAWALLA,,,UNRESOLVED,,,,,,https://www.niftyindices.com/Press_Release/ind_prs21022025.pdf,ind_prs21022025.pdf,1b3a52abf5954f4b213f5b555ee8776ff596f0adde0612cfdd5409b109195370,A1,MANUAL_REVIEW,An authoritative historical security-master or corporate-action document linking the dated symbol/company to the exact ISIN.
identity-8209f227101c5058,8209f227101c5058d652b7815bdad733e1673a612cdf7ceae90b55f1dcafd14a,2025-03-28,,Bajaj Housing Finance Ltd.,BAJAJHFL,,,UNRESOLVED,,,,,,https://www.niftyindices.com/Press_Release/ind_prs21022025.pdf,ind_prs21022025.pdf,1b3a52abf5954f4b213f5b555ee8776ff596f0adde0612cfdd5409b109195370,A1,MANUAL_REVIEW,An authoritative historical security-master or corporate-action document linking the dated symbol/company to the exact ISIN.
identity-6e5d3d2f5e03ba65,6e5d3d2f5e03ba6586fa8ee9683b1e011ebcac5d04365eeef8c12bacb80e3a5f,2025-03-28,,Hyundai Motor India Ltd.,HYUNDAI,,,UNRESOLVED,,,,,,https://www.niftyindices.com/Press_Release/ind_prs21022025.pdf,ind_prs21022025.pdf,1b3a52abf5954f4b213f5b555ee8776ff596f0adde0612cfdd5409b109195370,A1,MANUAL_REVIEW,An authoritative historical security-master or corporate-action document linking the dated symbol/company to the exact ISIN.
identity-ce4a8434ee9d4e72,ce4a8434ee9d4e72b4820f06dd526b731d9dc60648b94882c9450f85aa05af5f,2025-03-28,,NTPC Green Energy Ltd.,NTPCGREEN,,,UNRESOLVED,,,,,,https://www.niftyindices.com/Press_Release/ind_prs21022025.pdf,ind_prs21022025.pdf,1b3a52abf5954f4b213f5b555ee8776ff596f0adde0612cfdd5409b109195370,A1,MANUAL_REVIEW,An authoritative historical security-master or corporate-action document linking the dated symbol/company to the exact ISIN.
identity-2aa65be8ad0130f2,2aa65be8ad0130f2353115838dd1072fcb56a681f0d56b7b2a351818899cee7f,2025-03-28,,Ola Electric Mobility Ltd.,OLAELEC,,,UNRESOLVED,,,,,,https://www.niftyindices.com/Press_Release/ind_prs21022025.pdf,ind_prs21022025.pdf,1b3a52abf5954f4b213f5b555ee8776ff596f0adde0612cfdd5409b109195370,A1,MANUAL_REVIEW,An authoritative historical security-master or corporate-action document linking the dated symbol/company to the exact ISIN.
identity-5f63451a9f8a103e,5f63451a9f8a103ea7e05c07d525377f9d5b4783b943d71d9aa5cb0325dd168e,2025-03-28,,Premier Energies Ltd.,PREMIERENE,,,UNRESOLVED,,,,,,https://www.niftyindices.com/Press_Release/ind_prs21022025.pdf,ind_prs21022025.pdf,1b3a52abf5954f4b213f5b555ee8776ff596f0adde0612cfdd5409b109195370,A1,MANUAL_REVIEW,An authoritative historical security-master or corporate-action document linking the dated symbol/company to the exact ISIN.
identity-06f09298cc017f85,06f09298cc017f851e142e10d2b2672adb5375b4eaf34bee4d8553f4e6eae59b,2025-03-28,,Swiggy Ltd.,SWIGGY,,,UNRESOLVED,,,,,,https://www.niftyindices.com/Press_Release/ind_prs21022025.pdf,ind_prs21022025.pdf,1b3a52abf5954f4b213f5b555ee8776ff596f0adde0612cfdd5409b109195370,A1,MANUAL_REVIEW,An authoritative historical security-master or corporate-action document linking the dated symbol/company to the exact ISIN.
identity-91e25c9f11b9bab5,91e25c9f11b9bab56c86f31f9c6ec7fd00b66f3664d4e82a6a5f25d1047d1288,2025-03-28,,Vishal Mega Mart Ltd.,VMM,,,UNRESOLVED,,,,,,https://www.niftyindices.com/Press_Release/ind_prs21022025.pdf,ind_prs21022025.pdf,1b3a52abf5954f4b213f5b555ee8776ff596f0adde0612cfdd5409b109195370,A1,MANUAL_REVIEW,An authoritative historical security-master or corporate-action document linking the dated symbol/company to the exact ISIN.
identity-96c4fa8719a146c6,96c4fa8719a146c639ad334df020d70dd2bd90dd91cce0cfdf3f3519cebb4174,2025-03-28,,Waaree Energies Ltd.,WAAREEENER,,,UNRESOLVED,,,,,,https://www.niftyindices.com/Press_Release/ind_prs21022025.pdf,ind_prs21022025.pdf,1b3a52abf5954f4b213f5b555ee8776ff596f0adde0612cfdd5409b109195370,A1,MANUAL_REVIEW,An authoritative historical security-master or corporate-action document linking the dated symbol/company to the exact ISIN.
identity-7f25cb2fed079444,7f25cb2fed0794440aa48fa5cbd73b3eef9dd80d76b54958cb891d55a6e0a09d,2022-09-30,,Patanjali Foods Ltd.,PATANJALI,,,UNRESOLVED,,,,,,https://www.niftyindices.com/Press_Release/ind_prs01092022.pdf,ind_prs01092022.pdf,16166ac483166d47c9b0aef2293f86e0c82a619999bd71902ee97803de89a0e1,A1,MANUAL_REVIEW,An authoritative historical security-master or corporate-action document linking the dated symbol/company to the exact ISIN.
