canonical_symbol,provider_symbol,sector,daily_from,daily_to,daily_bars,minute_from,minute_to,minute_bars
360ONE,360ONE-EQ,Financial Services,2020-01-02,2026-08-17,1645,,,
ABB,ABB-EQ,Capital Goods,2020-01-02,2026-08-17,1644,,,
ABCAPITAL,ABCAPITAL-EQ,Financial Services,2020-01-02,2026-08-17,1644,,,
ADANIENSOL,ADANIENSOL-EQ,Power,2020-01-02,2026-08-17,1644,,,
ADANIENT,ADANIENT-EQ,Metals & Mining,2020-01-02,2026-08-17,1644,,,
ADANIGREEN,ADANIGREEN-EQ,Power,2020-01-02,2026-08-17,1644,,,
ADANIPORTS,ADANIPORTS-EQ,Services,2020-01-02,2026-08-17,1644,,,
ADANIPOWER,ADANIPOWER-EQ,Power,2020-01-02,2026-08-17,1644,,,
ALKEM,ALKEM-EQ,Healthcare,2020-01-02,2026-08-17,1644,,,
AMBUJACEM,AMBUJACEM-EQ,Construction Materials,2020-01-02,2026-08-17,1644,,,
APLAPOLLO,APLAPOLLO-EQ,Capital Goods,2020-01-02,2026-08-17,1645,,,
APOLLOHOSP,APOLLOHOSP-EQ,Healthcare,2020-01-02,2026-08-17,1644,,,
ASHOKLEY,ASHOKLEY-EQ,Capital Goods,2020-01-02,2026-08-17,1644,,,
ASIANPAINT,ASIANPAINT-EQ,Consumer Durables,2020-01-02,2026-08-17,1645,,,
ASTRAL,ASTRAL-EQ,Capital Goods,2020-01-02,2026-08-17,1645,,,
ATGL,ATGL-EQ,Oil Gas & Consumable Fuels,2020-01-02,2026-08-17,1643,,,
AUBANK,AUBANK-EQ,Financial Services,2020-01-02,2026-08-17,1645,,,
AUROPHARMA,AUROPHARMA-EQ,Healthcare,2020-01-02,2026-08-17,1644,,,
AXISBANK,AXISBANK-EQ,Financial Services,2020-01-02,2026-08-17,1644,,,
BAJAJ-AUTO,BAJAJ-AUTO-EQ,Automobile and Auto Components,2020-01-02,2026-08-17,1644,,,
BAJAJFINSV,BAJAJFINSV-EQ,Financial Services,2020-01-02,2026-08-17,1645,,,
BAJAJHLDNG,BAJAJHLDNG-EQ,Financial Services,2020-01-02,2026-08-17,1644,,,
BAJFINANCE,BAJFINANCE-EQ,Financial Services,2020-01-02,2026-08-17,1644,,,
BANKBARODA,BANKBARODA-EQ,Financial Services,2020-01-02,2026-08-17,1643,,,
BANKINDIA,BANKINDIA-EQ,Financial Services,2020-01-02,2026-08-17,1643,,,
BDL,BDL-EQ,Capital Goods,2020-01-02,2026-08-17,1645,,,
BEL,BEL-EQ,Capital Goods,2020-01-02,2026-08-17,1645,,,
BHARATFORG,BHARATFORG-EQ,Automobile and Auto Components,2020-01-02,2026-08-17,1643,,,
BHARTIARTL,BHARTIARTL-EQ,Telecommunication,2020-01-02,2026-08-17,1644,,,
BHEL,BHEL-EQ,Capital Goods,2020-01-02,2026-08-17,1644,,,
BIOCON,BIOCON-EQ,Healthcare,2020-01-02,2026-08-17,1644,,,
BLUESTARCO,BLUESTARCO-EQ,Consumer Durables,2020-01-02,2026-08-17,1645,,,
BOSCHLTD,BOSCHLTD-EQ,Automobile and Auto Components,2020-01-02,2026-08-17,1644,,,
BPCL,BPCL-EQ,Oil Gas & Consumable Fuels,2020-01-02,2026-08-17,1644,,,
BRITANNIA,BRITANNIA-EQ,Fast Moving Consumer Goods,2020-01-02,2026-08-17,1644,,,
BSE,BSE-EQ,Financial Services,2020-01-02,2026-08-17,1645,,,
CANBK,CANBK-EQ,Financial Services,2020-01-02,2026-08-17,1645,,,
CGPOWER,CGPOWER-EQ,Capital Goods,2020-01-02,2026-08-17,1644,,,
CHOLAFIN,CHOLAFIN-EQ,Financial Services,2020-01-02,2026-08-17,1644,,,
CIPLA,CIPLA-EQ,Healthcare,2020-01-02,2026-08-17,1644,,,
COALINDIA,COALINDIA-EQ,Oil Gas & Consumable Fuels,2020-01-02,2026-08-17,1644,,,
COCHINSHIP,COCHINSHIP-EQ,Capital Goods,2020-01-02,2026-08-17,1645,,,
COFORGE,COFORGE-EQ,Information Technology,2020-01-02,2026-08-17,1644,,,
COLPAL,COLPAL-EQ,Fast Moving Consumer Goods,2020-01-02,2026-08-17,1644,,,
CONCOR,CONCOR-EQ,Services,2020-01-02,2026-08-17,1644,,,
COROMANDEL,COROMANDEL-EQ,Chemicals,2020-01-02,2026-08-17,1644,,,
CUMMINSIND,CUMMINSIND-EQ,Capital Goods,2020-01-02,2026-08-17,1644,,,
DABUR,DABUR-EQ,Fast Moving Consumer Goods,2020-01-02,2026-08-17,1644,,,
DIVISLAB,DIVISLAB-EQ,Healthcare,2020-01-02,2026-08-17,1644,,,
DIXON,DIXON-EQ,Consumer Durables,2020-01-02,2026-08-17,1645,,,
DLF,DLF-EQ,Realty,2020-01-02,2026-08-17,1644,,,
DMART,DMART-EQ,Consumer Services,2020-01-02,2026-08-17,1644,,,
DRREDDY,DRREDDY-EQ,Healthcare,2020-01-02,2026-08-17,1645,,,
EICHERMOT,EICHERMOT-EQ,Automobile and Auto Components,2020-01-02,2026-08-17,1644,,,
ENRIN,ENRIN-EQ,Capital Goods,2025-06-19,2026-08-17,288,,,
ETERNAL,ETERNAL-EQ,Consumer Services,2021-07-23,2026-08-17,1256,,,
EXIDEIND,EXIDEIND-EQ,Automobile and Auto Components,2020-01-02,2026-08-17,1644,,,
FEDERALBNK,FEDERALBNK-EQ,Financial Services,2020-01-02,2026-08-17,1644,,,
FORTIS,FORTIS-EQ,Healthcare,2020-01-02,2026-08-17,1644,,,
GAIL,GAIL-EQ,Oil Gas & Consumable Fuels,2020-01-02,2026-08-17,1645,,,
GLENMARK,GLENMARK-EQ,Healthcare,2020-01-02,2026-08-17,1644,,,
GMRAIRPORT,GMRAIRPORT-EQ,Services,2020-01-02,2026-08-17,1645,,,
GODFRYPHLP,GODFRYPHLP-EQ,Fast Moving Consumer Goods,2020-01-02,2026-08-17,1643,,,
GODREJCP,GODREJCP-EQ,Fast Moving Consumer Goods,2020-01-02,2026-08-17,1644,,,
GODREJPROP,GODREJPROP-EQ,Realty,2020-01-02,2026-08-17,1644,,,
GRASIM,GRASIM-EQ,Construction Materials,2020-01-02,2026-08-17,1645,,,
GROWW,GROWW-EQ,Financial Services,2025-11-12,2026-08-17,189,,,
GVT&D,GVT&D-EQ,Capital Goods,2020-01-02,2026-08-17,1641,,,
HAL,HAL-EQ,Capital Goods,2020-01-02,2026-08-17,1645,,,
HAVELLS,HAVELLS-EQ,Consumer Durables,2020-01-02,2026-08-17,1645,,,
HCLTECH,HCLTECH-EQ,Information Technology,2020-01-02,2026-08-17,1644,,,
HDFCAMC,HDFCAMC-EQ,Financial Services,2020-01-02,2026-08-17,1644,,,
HDFCBANK,HDFCBANK-EQ,Financial Services,2020-01-02,2026-08-17,1644,2020-01-01 09:15:00+05:30,2026-08-17 15:14:00+05:30,613642
HDFCLIFE,HDFCLIFE-EQ,Financial Services,2020-01-02,2026-08-17,1644,,,
HEROMOTOCO,HEROMOTOCO-EQ,Automobile and Auto Components,2020-01-02,2026-08-17,1644,,,
HINDALCO,HINDALCO-EQ,Metals & Mining,2020-01-02,2026-08-17,1644,,,
HINDPETRO,HINDPETRO-EQ,Oil Gas & Consumable Fuels,2020-01-02,2026-08-17,1644,,,
HINDUNILVR,HINDUNILVR-EQ,Fast Moving Consumer Goods,2020-01-02,2026-08-17,1645,,,
HINDZINC,HINDZINC-EQ,Metals & Mining,2020-01-02,2026-08-17,1644,,,
HUDCO,HUDCO-EQ,Financial Services,2020-01-02,2026-08-17,1643,,,
HYUNDAI,HYUNDAI-EQ,Automobile and Auto Components,2024-10-22,2026-08-17,451,,,
ICICIAMC,ICICIAMC-EQ,Financial Services,2025-12-19,2026-08-17,162,,,
ICICIBANK,ICICIBANK-EQ,Financial Services,2020-01-02,2026-08-17,1644,2020-01-01 09:15:00+05:30,2026-08-17 15:14:00+05:30,613640
ICICIGI,ICICIGI-EQ,Financial Services,2020-01-02,2026-08-17,1644,,,
IDEA,IDEA-EQ,Telecommunication,2020-01-02,2026-08-17,1644,,,
IDFCFIRSTB,IDFCFIRSTB-EQ,Financial Services,2020-01-02,2026-08-17,1644,,,
INDHOTEL,INDHOTEL-EQ,Consumer Services,2020-01-02,2026-08-17,1644,,,
INDIANB,INDIANB-EQ,Financial Services,2020-01-02,2026-08-17,1643,,,
INDIGO,INDIGO-EQ,Services,2020-01-02,2026-08-17,1644,,,
INDUSINDBK,INDUSINDBK-EQ,Financial Services,2020-01-02,2026-08-17,1644,,,
INDUSTOWER,INDUSTOWER-EQ,Telecommunication,2020-01-02,2026-08-17,1644,,,
INFY,INFY-EQ,Information Technology,2020-01-02,2026-08-17,1645,2020-01-01 09:15:00+05:30,2026-08-17 15:14:00+05:30,614016
IOC,IOC-EQ,Oil Gas & Consumable Fuels,2020-01-02,2026-08-17,1645,,,
IRCTC,IRCTC-EQ,Consumer Services,2020-01-02,2026-08-17,1644,,,
IREDA,IREDA-EQ,Financial Services,2023-11-29,2026-08-17,674,,,
IRFC,IRFC-EQ,Financial Services,2021-01-29,2026-08-17,1375,,,
ITC,ITC-EQ,Fast Moving Consumer Goods,2020-01-02,2026-08-17,1645,,,
JINDALSTEL,JINDALSTEL-EQ,Metals & Mining,2020-01-02,2026-08-17,1644,,,
JIOFIN,JIOFIN-EQ,Financial Services,2023-08-21,2026-08-17,741,,,
JSWENERGY,JSWENERGY-EQ,Power,2020-01-02,2026-08-17,1644,,,
JSWSTEEL,JSWSTEEL-EQ,Metals & Mining,2020-01-02,2026-08-17,1645,,,
JUBLFOOD,JUBLFOOD-EQ,Consumer Services,2020-01-02,2026-08-17,1645,,,
KALYANKJIL,KALYANKJIL-EQ,Consumer Durables,2021-03-26,2026-08-17,1336,,,
KEI,KEI-EQ,Capital Goods,2020-01-02,2026-08-17,1644,,,
KOTAKBANK,KOTAKBANK-EQ,Financial Services,2020-01-02,2026-08-17,1644,,,
KPITTECH,KPITTECH-EQ,Information Technology,2020-01-02,2026-08-17,1644,,,
LAURUSLABS,LAURUSLABS-EQ,Healthcare,2020-01-02,2026-08-17,1644,,,
LENSKART,LENSKART-EQ,Consumer Services,2025-11-10,2026-08-17,191,,,
LGEINDIA,LGEINDIA-EQ,Consumer Durables,2025-10-14,2026-08-17,208,,,
LICHSGFIN,LICHSGFIN-EQ,Financial Services,2020-01-02,2026-08-17,1644,,,
LODHA,LODHA-EQ,Realty,2021-04-19,2026-08-17,1323,,,
LT,LT-EQ,Construction,2020-01-02,2026-08-17,1644,,,
LTF,LTF-EQ,Financial Services,2020-01-02,2026-08-17,1645,,,
LTM,LTM-EQ,Information Technology,2020-01-02,2026-08-17,1645,,,
LUPIN,LUPIN-EQ,Healthcare,2020-01-02,2026-08-17,1644,,,
M&M,M&M-EQ,Automobile and Auto Components,2020-01-02,2026-08-17,1644,,,
M&MFIN,M&MFIN-EQ,Financial Services,2020-01-02,2026-08-17,1643,,,
MANKIND,MANKIND-EQ,Healthcare,2023-05-09,2026-08-17,814,,,
MARICO,MARICO-EQ,Fast Moving Consumer Goods,2020-01-02,2026-08-17,1644,,,
MARUTI,MARUTI-EQ,Automobile and Auto Components,2020-01-02,2026-08-17,1644,,,
MAXHEALTH,MAXHEALTH-EQ,Healthcare,2020-08-21,2026-08-17,1485,,,
MAZDOCK,MAZDOCK-EQ,Capital Goods,2020-10-12,2026-08-17,1449,,,
MCX,MCX-EQ,Financial Services,2020-01-02,2026-08-17,1644,,,
MFSL,MFSL-EQ,Financial Services,2020-01-02,2026-08-17,1644,,,
MOTHERSON,MOTHERSON-EQ,Automobile and Auto Components,2020-01-02,2026-08-17,1645,,,
MOTILALOFS,MOTILALOFS-EQ,Financial Services,2020-01-02,2026-08-17,1645,,,
MPHASIS,MPHASIS-EQ,Information Technology,2020-01-02,2026-08-17,1644,,,
MRF,MRF-EQ,Automobile and Auto Components,2020-01-02,2026-08-17,1644,,,
MUTHOOTFIN,MUTHOOTFIN-EQ,Financial Services,2020-01-02,2026-08-17,1644,,,
NATIONALUM,NATIONALUM-EQ,Metals & Mining,2020-01-02,2026-08-17,1644,,,
NAUKRI,NAUKRI-EQ,Consumer Services,2020-01-02,2026-08-17,1644,,,
NESTLEIND,NESTLEIND-EQ,Fast Moving Consumer Goods,2020-01-02,2026-08-17,1645,,,
NHPC,NHPC-EQ,Power,2020-01-02,2026-08-17,1644,,,
NMDC,NMDC-EQ,Metals & Mining,2020-01-02,2026-08-17,1645,,,
NTPC,NTPC-EQ,Power,2020-01-02,2026-08-17,1644,,,
NYKAA,NYKAA-EQ,Consumer Services,2021-11-10,2026-08-17,1183,,,
OBEROIRLTY,OBEROIRLTY-EQ,Realty,2020-01-02,2026-08-17,1644,,,
OFSS,OFSS-EQ,Information Technology,2020-01-02,2026-08-17,1644,,,
OIL,OIL-EQ,Oil Gas & Consumable Fuels,2020-01-02,2026-08-17,1644,,,
ONGC,ONGC-EQ,Oil Gas & Consumable Fuels,2020-01-02,2026-08-17,1645,,,
PAGEIND,PAGEIND-EQ,Textiles,2020-01-02,2026-08-17,1644,,,
PATANJALI,PATANJALI-EQ,Fast Moving Consumer Goods,2020-01-27,2026-08-17,1609,,,
PAYTM,PAYTM-EQ,Financial Services,2021-11-18,2026-08-17,1177,,,
PERSISTENT,PERSISTENT-EQ,Information Technology,2020-01-02,2026-08-17,1645,,,
PFC,PFC-EQ,Financial Services,2020-01-02,2026-08-17,1645,,,
PHOENIXLTD,PHOENIXLTD-EQ,Realty,2020-01-02,2026-08-17,1644,,,
PIDILITIND,PIDILITIND-EQ,Chemicals,2020-01-02,2026-08-17,1645,,,
PIIND,PIIND-EQ,Chemicals,2020-01-02,2026-08-17,1644,,,
PNB,PNB-EQ,Financial Services,2020-01-02,2026-08-17,1643,,,
POLICYBZR,POLICYBZR-EQ,Financial Services,2021-11-15,2026-08-17,1180,,,
POLYCAB,POLYCAB-EQ,Capital Goods,2020-01-02,2026-08-17,1644,,,
POWERGRID,POWERGRID-EQ,Power,2020-01-02,2026-08-17,1645,,,
POWERINDIA,POWERINDIA-EQ,Capital Goods,2020-03-30,2026-08-17,1583,,,
PREMIERENE,PREMIERENE-EQ,Capital Goods,2024-09-03,2026-08-17,485,,,
PRESTIGE,PRESTIGE-EQ,Realty,2020-01-02,2026-08-17,1644,,,
RADICO,RADICO-EQ,Fast Moving Consumer Goods,2020-01-02,2026-08-17,1644,,,
RECLTD,RECLTD-EQ,Financial Services,2020-01-02,2026-08-17,1628,,,
RELIANCE,RELIANCE-EQ,Oil Gas & Consumable Fuels,2020-01-02,2026-08-17,1645,2020-01-01 09:15:00+05:30,2026-08-17 15:14:00+05:30,613468
RVNL,RVNL-EQ,Construction,2020-01-02,2026-08-17,1644,,,
SAIL,SAIL-EQ,Metals & Mining,2020-01-02,2026-08-17,1644,,,
SBICARD,SBICARD-EQ,Financial Services,2020-03-16,2026-08-17,1593,,,
SBILIFE,SBILIFE-EQ,Financial Services,2020-01-02,2026-08-17,1642,,,
SBIN,SBIN-EQ,Financial Services,2020-01-02,2026-08-17,1644,,,
SHREECEM,SHREECEM-EQ,Construction Materials,2020-01-02,2026-08-17,1644,,,
SHRIRAMFIN,SHRIRAMFIN-EQ,Financial Services,2020-01-02,2026-08-17,1645,,,
SIEMENS,SIEMENS-EQ,Capital Goods,2020-01-02,2026-08-17,1644,,,
SOLARINDS,SOLARINDS-EQ,Chemicals,2020-01-02,2026-08-17,1644,,,
SRF,SRF-EQ,Chemicals,2020-01-02,2026-08-17,1645,,,
SUNPHARMA,SUNPHARMA-EQ,Healthcare,2020-01-02,2026-08-17,1644,,,
SUPREMEIND,SUPREMEIND-EQ,Capital Goods,2020-01-02,2026-08-17,1644,,,
SUZLON,SUZLON-EQ,Capital Goods,2020-01-02,2026-08-17,1643,,,
SWIGGY,SWIGGY-EQ,Consumer Services,2024-11-13,2026-08-17,435,,,
TATACAP,TATACAP-EQ,Financial Services,2025-10-13,2026-08-17,209,,,
TATACOMM,TATACOMM-EQ,Telecommunication,2020-01-02,2026-08-17,1644,,,
TATACONSUM,TATACONSUM-EQ,Fast Moving Consumer Goods,2020-01-02,2026-08-17,1644,,,
TATAELXSI,TATAELXSI-EQ,Information Technology,2020-01-02,2026-08-17,1644,,,
TATAINVEST,TATAINVEST-EQ,Financial Services,2020-01-02,2026-08-17,1643,,,
TATAPOWER,TATAPOWER-EQ,Power,2020-01-02,2026-08-17,1644,,,
TATASTEEL,TATASTEEL-EQ,Metals & Mining,2020-01-02,2026-08-17,1645,,,
TCS,TCS-EQ,Information Technology,2020-01-02,2026-08-17,1644,2020-01-01 09:15:00+05:30,2026-08-17 15:14:00+05:30,613625
TECHM,TECHM-EQ,Information Technology,2020-01-02,2026-08-17,1644,,,
TIINDIA,TIINDIA-EQ,Automobile and Auto Components,2020-01-02,2026-08-17,1644,,,
TITAN,TITAN-EQ,Consumer Durables,2020-01-02,2026-08-17,1644,,,
TMCV,TMCV-EQ,Capital Goods,2025-11-12,2026-08-17,189,,,
TMPV,TMPV-EQ,Automobile and Auto Components,2020-01-02,2026-08-17,1634,,,
TORNTPHARM,TORNTPHARM-EQ,Healthcare,2020-01-02,2026-08-17,1644,,,
TRENT,TRENT-EQ,Consumer Services,2020-01-02,2026-08-17,1644,,,
TVSMOTOR,TVSMOTOR-EQ,Automobile and Auto Components,2020-01-02,2026-08-17,1644,,,
ULTRACEMCO,ULTRACEMCO-EQ,Construction Materials,2020-01-02,2026-08-17,1644,,,
UNIONBANK,UNIONBANK-EQ,Financial Services,2020-01-02,2026-08-17,1643,,,
UNITDSPR,UNITDSPR-EQ,Fast Moving Consumer Goods,2020-01-02,2026-08-17,1644,,,
UPL,UPL-EQ,Chemicals,2020-01-02,2026-08-17,1645,,,
VBL,VBL-EQ,Fast Moving Consumer Goods,2020-01-02,2026-08-17,1645,,,
VEDL,VEDL-EQ,Metals & Mining,2020-01-02,2026-08-17,1644,,,
VMM,VMM-EQ,Consumer Services,2024-12-18,2026-08-17,412,,,
VOLTAS,VOLTAS-EQ,Consumer Durables,2020-01-02,2026-08-17,1644,,,
WAAREEENER,WAAREEENER-EQ,Capital Goods,2024-10-28,2026-08-17,447,,,
WIPRO,WIPRO-EQ,Information Technology,2020-01-02,2026-08-17,1644,,,
YESBANK,YESBANK-EQ,Financial Services,2020-01-02,2026-08-17,1644,,,
ZYDUSLIFE,ZYDUSLIFE-EQ,Healthcare,2020-01-02,2026-08-17,1644,,,
