source_url,source_tier,status,local_path,hash_status,file_size
https://archives.nseindia.com/content/indices/IndexInclExcl.xls,A1,downloaded,C:\Users\Shukla\AppData\Local\Temp\nifty200-pit-security-master\data\raw\nifty200_pit_public_sources\index_inclusion_exclusion\IndexInclExcl.xls,PASS,820736
https://www.niftyindices.com/Indices_-_Market_Capitalisation_and_Weightage/indices_dataApr2013.zip,A1,downloaded,C:\Users\Shukla\AppData\Local\Temp\nifty200-pit-security-master\data\raw\nifty200_pit_public_sources\monthly_weightage\indices_dataApr2013.zip,PASS,59715
https://www.niftyindices.com/Indices_-_Market_Capitalisation_and_Weightage/indices_dataMay2013.zip,A1,downloaded,C:\Users\Shukla\AppData\Local\Temp\nifty200-pit-security-master\data\raw\nifty200_pit_public_sources\monthly_weightage\indices_dataMay2013.zip,PASS,637110
https://www.niftyindices.com/Indices_-_Market_Capitalisation_and_Weightage/indices_dataJun2013.zip,A1,downloaded,C:\Users\Shukla\AppData\Local\Temp\nifty200-pit-security-master\data\raw\nifty200_pit_public_sources\monthly_weightage\indices_dataJun2013.zip,PASS,637162
https://www.niftyindices.com/Indices_-_Market_Capitalisation_and_Weightage/indices_dataJul2013.zip,A1,downloaded,C:\Users\Shukla\AppData\Local\Temp\nifty200-pit-security-master\data\raw\nifty200_pit_public_sources\monthly_weightage\indices_dataJul2013.zip,PASS,636921
https://www.niftyindices.com/Indices_-_Market_Capitalisation_and_Weightage/indices_dataAug2013.zip,A1,downloaded,C:\Users\Shukla\AppData\Local\Temp\nifty200-pit-security-master\data\raw\nifty200_pit_public_sources\monthly_weightage\indices_dataAug2013.zip,PASS,637024
https://www.niftyindices.com/Indices_-_Market_Capitalisation_and_Weightage/indices_dataSep2013.zip,A1,downloaded,C:\Users\Shukla\AppData\Local\Temp\nifty200-pit-security-master\data\raw\nifty200_pit_public_sources\monthly_weightage\indices_dataSep2013.zip,PASS,636774
https://www.niftyindices.com/Indices_-_Market_Capitalisation_and_Weightage/indices_dataOct2013.zip,A1,downloaded,C:\Users\Shukla\AppData\Local\Temp\nifty200-pit-security-master\data\raw\nifty200_pit_public_sources\monthly_weightage\indices_dataOct2013.zip,PASS,636744
https://www.niftyindices.com/Indices_-_Market_Capitalisation_and_Weightage/indices_dataNov2013.zip,A1,downloaded,C:\Users\Shukla\AppData\Local\Temp\nifty200-pit-security-master\data\raw\nifty200_pit_public_sources\monthly_weightage\indices_dataNov2013.zip,PASS,637228
https://www.niftyindices.com/Indices_-_Market_Capitalisation_and_Weightage/indices_dataDec2013.zip,A1,downloaded,C:\Users\Shukla\AppData\Local\Temp\nifty200-pit-security-master\data\raw\nifty200_pit_public_sources\monthly_weightage\indices_dataDec2013.zip,PASS,637064
https://www.niftyindices.com/Indices_-_Market_Capitalisation_and_Weightage/indices_dataJan2014.zip,A1,downloaded,C:\Users\Shukla\AppData\Local\Temp\nifty200-pit-security-master\data\raw\nifty200_pit_public_sources\monthly_weightage\indices_dataJan2014.zip,PASS,636800
https://www.niftyindices.com/Indices_-_Market_Capitalisation_and_Weightage/indices_dataFeb2014.zip,A1,downloaded,C:\Users\Shukla\AppData\Local\Temp\nifty200-pit-security-master\data\raw\nifty200_pit_public_sources\monthly_weightage\indices_dataFeb2014.zip,PASS,698857
https://www.niftyindices.com/Indices_-_Market_Capitalisation_and_Weightage/indices_dataMar2014.zip,A1,downloaded,C:\Users\Shukla\AppData\Local\Temp\nifty200-pit-security-master\data\raw\nifty200_pit_public_sources\monthly_weightage\indices_dataMar2014.zip,PASS,654543
https://www.niftyindices.com/Indices_-_Market_Capitalisation_and_Weightage/indices_dataApr2014.zip,A1,downloaded,C:\Users\Shukla\AppData\Local\Temp\nifty200-pit-security-master\data\raw\nifty200_pit_public_sources\monthly_weightage\indices_dataApr2014.zip,PASS,654564
https://www.niftyindices.com/Indices_-_Market_Capitalisation_and_Weightage/indices_dataMay2014.zip,A1,downloaded,C:\Users\Shukla\AppData\Local\Temp\nifty200-pit-security-master\data\raw\nifty200_pit_public_sources\monthly_weightage\indices_dataMay2014.zip,PASS,654692
https://www.niftyindices.com/Indices_-_Market_Capitalisation_and_Weightage/indices_dataJun2014.zip,A1,downloaded,C:\Users\Shukla\AppData\Local\Temp\nifty200-pit-security-master\data\raw\nifty200_pit_public_sources\monthly_weightage\indices_dataJun2014.zip,PASS,654657
https://www.niftyindices.com/Indices_-_Market_Capitalisation_and_Weightage/indices_dataJul2014.zip,A1,downloaded,C:\Users\Shukla\AppData\Local\Temp\nifty200-pit-security-master\data\raw\nifty200_pit_public_sources\monthly_weightage\indices_dataJul2014.zip,PASS,654781
https://www.niftyindices.com/Indices_-_Market_Capitalisation_and_Weightage/indices_dataAug2014.zip,A1,downloaded,C:\Users\Shukla\AppData\Local\Temp\nifty200-pit-security-master\data\raw\nifty200_pit_public_sources\monthly_weightage\indices_dataAug2014.zip,PASS,654798
https://www.niftyindices.com/Indices_-_Market_Capitalisation_and_Weightage/indices_dataSep2014.zip,A1,downloaded,C:\Users\Shukla\AppData\Local\Temp\nifty200-pit-security-master\data\raw\nifty200_pit_public_sources\monthly_weightage\indices_dataSep2014.zip,PASS,654012
https://www.niftyindices.com/Indices_-_Market_Capitalisation_and_Weightage/indices_dataOct2014.zip,A1,downloaded,C:\Users\Shukla\AppData\Local\Temp\nifty200-pit-security-master\data\raw\nifty200_pit_public_sources\monthly_weightage\indices_dataOct2014.zip,PASS,654167
https://www.niftyindices.com/Indices_-_Market_Capitalisation_and_Weightage/indices_dataNov2014.zip,A1,downloaded,C:\Users\Shukla\AppData\Local\Temp\nifty200-pit-security-master\data\raw\nifty200_pit_public_sources\monthly_weightage\indices_dataNov2014.zip,PASS,654476
https://www.niftyindices.com/Indices_-_Market_Capitalisation_and_Weightage/indices_dataDec2014.zip,A1,downloaded,C:\Users\Shukla\AppData\Local\Temp\nifty200-pit-security-master\data\raw\nifty200_pit_public_sources\monthly_weightage\indices_dataDec2014.zip,PASS,654378
https://www.niftyindices.com/Indices_-_Market_Capitalisation_and_Weightage/indices_dataJan2015.zip,A1,downloaded,C:\Users\Shukla\AppData\Local\Temp\nifty200-pit-security-master\data\raw\nifty200_pit_public_sources\monthly_weightage\indices_dataJan2015.zip,PASS,654379
https://www.niftyindices.com/Indices_-_Market_Capitalisation_and_Weightage/indices_dataFeb2015.zip,A1,downloaded,C:\Users\Shukla\AppData\Local\Temp\nifty200-pit-security-master\data\raw\nifty200_pit_public_sources\monthly_weightage\indices_dataFeb2015.zip,PASS,654689
https://www.niftyindices.com/Indices_-_Market_Capitalisation_and_Weightage/indices_dataMar2015.zip,A1,downloaded,C:\Users\Shukla\AppData\Local\Temp\nifty200-pit-security-master\data\raw\nifty200_pit_public_sources\monthly_weightage\indices_dataMar2015.zip,PASS,654774
https://www.niftyindices.com/Indices_-_Market_Capitalisation_and_Weightage/indices_dataApr2015.zip,A1,downloaded,C:\Users\Shukla\AppData\Local\Temp\nifty200-pit-security-master\data\raw\nifty200_pit_public_sources\monthly_weightage\indices_dataApr2015.zip,PASS,654670
https://www.niftyindices.com/Indices_-_Market_Capitalisation_and_Weightage/indices_dataMay2015.zip,A1,downloaded,C:\Users\Shukla\AppData\Local\Temp\nifty200-pit-security-master\data\raw\nifty200_pit_public_sources\monthly_weightage\indices_dataMay2015.zip,PASS,653582
https://www.niftyindices.com/Indices_-_Market_Capitalisation_and_Weightage/indices_dataJun2015.zip,A1,downloaded,C:\Users\Shukla\AppData\Local\Temp\nifty200-pit-security-master\data\raw\nifty200_pit_public_sources\monthly_weightage\indices_dataJun2015.zip,PASS,774895
https://www.niftyindices.com/Indices_-_Market_Capitalisation_and_Weightage/indices_dataJul2015.zip,A1,downloaded,C:\Users\Shukla\AppData\Local\Temp\nifty200-pit-security-master\data\raw\nifty200_pit_public_sources\monthly_weightage\indices_dataJul2015.zip,PASS,774788
https://www.niftyindices.com/Indices_-_Market_Capitalisation_and_Weightage/indices_dataAug2015.zip,A1,downloaded,C:\Users\Shukla\AppData\Local\Temp\nifty200-pit-security-master\data\raw\nifty200_pit_public_sources\monthly_weightage\indices_dataAug2015.zip,PASS,774881
https://www.niftyindices.com/Indices_-_Market_Capitalisation_and_Weightage/indices_dataSep2015.zip,A1,downloaded,C:\Users\Shukla\AppData\Local\Temp\nifty200-pit-security-master\data\raw\nifty200_pit_public_sources\monthly_weightage\indices_dataSep2015.zip,PASS,774607
https://www.niftyindices.com/Indices_-_Market_Capitalisation_and_Weightage/indices_dataOct2015.zip,A1,downloaded,C:\Users\Shukla\AppData\Local\Temp\nifty200-pit-security-master\data\raw\nifty200_pit_public_sources\monthly_weightage\indices_dataOct2015.zip,PASS,774798
https://www.niftyindices.com/Indices_-_Market_Capitalisation_and_Weightage/indices_dataNov2015.zip,A1,downloaded,C:\Users\Shukla\AppData\Local\Temp\nifty200-pit-security-master\data\raw\nifty200_pit_public_sources\monthly_weightage\indices_dataNov2015.zip,PASS,1942654
https://www.niftyindices.com/Indices_-_Market_Capitalisation_and_Weightage/indices_dataDec2015.zip,A1,downloaded,C:\Users\Shukla\AppData\Local\Temp\nifty200-pit-security-master\data\raw\nifty200_pit_public_sources\monthly_weightage\indices_dataDec2015.zip,PASS,1942752
https://www.niftyindices.com/Indices_-_Market_Capitalisation_and_Weightage/indices_dataJan2016.zip,A1,downloaded,C:\Users\Shukla\AppData\Local\Temp\nifty200-pit-security-master\data\raw\nifty200_pit_public_sources\monthly_weightage\indices_dataJan2016.zip,PASS,1942365
https://www.niftyindices.com/Indices_-_Market_Capitalisation_and_Weightage/indices_dataFeb2016.zip,A1,downloaded,C:\Users\Shukla\AppData\Local\Temp\nifty200-pit-security-master\data\raw\nifty200_pit_public_sources\monthly_weightage\indices_dataFeb2016.zip,PASS,1942495
https://www.niftyindices.com/Indices_-_Market_Capitalisation_and_Weightage/indices_dataMar2016.zip,A1,downloaded,C:\Users\Shukla\AppData\Local\Temp\nifty200-pit-security-master\data\raw\nifty200_pit_public_sources\monthly_weightage\indices_dataMar2016.zip,PASS,1942266
https://www.niftyindices.com/Indices_-_Market_Capitalisation_and_Weightage/indices_dataApr2016.zip,A1,downloaded,C:\Users\Shukla\AppData\Local\Temp\nifty200-pit-security-master\data\raw\nifty200_pit_public_sources\monthly_weightage\indices_dataApr2016.zip,PASS,1944178
https://www.niftyindices.com/Indices_-_Market_Capitalisation_and_Weightage/indices_dataMay2016.zip,A1,downloaded,C:\Users\Shukla\AppData\Local\Temp\nifty200-pit-security-master\data\raw\nifty200_pit_public_sources\monthly_weightage\indices_dataMay2016.zip,PASS,1944198
https://www.niftyindices.com/Indices_-_Market_Capitalisation_and_Weightage/indices_dataJun2016.zip,A1,downloaded,C:\Users\Shukla\AppData\Local\Temp\nifty200-pit-security-master\data\raw\nifty200_pit_public_sources\monthly_weightage\indices_dataJun2016.zip,PASS,1944232
https://www.niftyindices.com/Indices_-_Market_Capitalisation_and_Weightage/indices_dataJul2016.zip,A1,downloaded,C:\Users\Shukla\AppData\Local\Temp\nifty200-pit-security-master\data\raw\nifty200_pit_public_sources\monthly_weightage\indices_dataJul2016.zip,PASS,1944201
https://www.niftyindices.com/Indices_-_Market_Capitalisation_and_Weightage/indices_dataAug2016.zip,A1,downloaded,C:\Users\Shukla\AppData\Local\Temp\nifty200-pit-security-master\data\raw\nifty200_pit_public_sources\monthly_weightage\indices_dataAug2016.zip,PASS,1944208
https://www.niftyindices.com/Indices_-_Market_Capitalisation_and_Weightage/indices_dataSep2016.zip,A1,downloaded,C:\Users\Shukla\AppData\Local\Temp\nifty200-pit-security-master\data\raw\nifty200_pit_public_sources\monthly_weightage\indices_dataSep2016.zip,PASS,1944054
https://www.niftyindices.com/Indices_-_Market_Capitalisation_and_Weightage/indices_dataOct2016.zip,A1,downloaded,C:\Users\Shukla\AppData\Local\Temp\nifty200-pit-security-master\data\raw\nifty200_pit_public_sources\monthly_weightage\indices_dataOct2016.zip,PASS,1944182
https://www.niftyindices.com/Indices_-_Market_Capitalisation_and_Weightage/indices_dataNov2016.zip,A1,downloaded,C:\Users\Shukla\AppData\Local\Temp\nifty200-pit-security-master\data\raw\nifty200_pit_public_sources\monthly_weightage\indices_dataNov2016.zip,PASS,1944308
https://www.niftyindices.com/Indices_-_Market_Capitalisation_and_Weightage/indices_dataDec2016.zip,A1,downloaded,C:\Users\Shukla\AppData\Local\Temp\nifty200-pit-security-master\data\raw\nifty200_pit_public_sources\monthly_weightage\indices_dataDec2016.zip,PASS,1944257
https://www.niftyindices.com/Indices_-_Market_Capitalisation_and_Weightage/indices_dataJan2017.zip,A1,downloaded,C:\Users\Shukla\AppData\Local\Temp\nifty200-pit-security-master\data\raw\nifty200_pit_public_sources\monthly_weightage\indices_dataJan2017.zip,PASS,1944233
https://www.niftyindices.com/Indices_-_Market_Capitalisation_and_Weightage/indices_dataFeb2017.zip,A1,downloaded,C:\Users\Shukla\AppData\Local\Temp\nifty200-pit-security-master\data\raw\nifty200_pit_public_sources\monthly_weightage\indices_dataFeb2017.zip,PASS,1944463
https://www.niftyindices.com/Indices_-_Market_Capitalisation_and_Weightage/indices_dataMar2017.zip,A1,downloaded,C:\Users\Shukla\AppData\Local\Temp\nifty200-pit-security-master\data\raw\nifty200_pit_public_sources\monthly_weightage\indices_dataMar2017.zip,PASS,1944607
https://www.niftyindices.com/Indices_-_Market_Capitalisation_and_Weightage/indices_dataApr2017.zip,A1,downloaded,C:\Users\Shukla\AppData\Local\Temp\nifty200-pit-security-master\data\raw\nifty200_pit_public_sources\monthly_weightage\indices_dataApr2017.zip,PASS,1944549
https://www.niftyindices.com/Indices_-_Market_Capitalisation_and_Weightage/indices_dataMay2017.zip,A1,downloaded,C:\Users\Shukla\AppData\Local\Temp\nifty200-pit-security-master\data\raw\nifty200_pit_public_sources\monthly_weightage\indices_dataMay2017.zip,PASS,1944224
https://www.niftyindices.com/Indices_-_Market_Capitalisation_and_Weightage/indices_dataJun2017.zip,A1,downloaded,C:\Users\Shukla\AppData\Local\Temp\nifty200-pit-security-master\data\raw\nifty200_pit_public_sources\monthly_weightage\indices_dataJun2017.zip,PASS,1944534
https://www.niftyindices.com/Indices_-_Market_Capitalisation_and_Weightage/indices_dataJul2017.zip,A1,downloaded,C:\Users\Shukla\AppData\Local\Temp\nifty200-pit-security-master\data\raw\nifty200_pit_public_sources\monthly_weightage\indices_dataJul2017.zip,PASS,2693636
https://www.niftyindices.com/Indices_-_Market_Capitalisation_and_Weightage/indices_dataAug2017.zip,A1,downloaded,C:\Users\Shukla\AppData\Local\Temp\nifty200-pit-security-master\data\raw\nifty200_pit_public_sources\monthly_weightage\indices_dataAug2017.zip,PASS,2693707
https://www.niftyindices.com/Indices_-_Market_Capitalisation_and_Weightage/indices_dataSep2017.zip,A1,downloaded,C:\Users\Shukla\AppData\Local\Temp\nifty200-pit-security-master\data\raw\nifty200_pit_public_sources\monthly_weightage\indices_dataSep2017.zip,PASS,2693561
https://www.niftyindices.com/Indices_-_Market_Capitalisation_and_Weightage/indices_dataOct2017.zip,A1,downloaded,C:\Users\Shukla\AppData\Local\Temp\nifty200-pit-security-master\data\raw\nifty200_pit_public_sources\monthly_weightage\indices_dataOct2017.zip,PASS,2693737
https://www.niftyindices.com/Indices_-_Market_Capitalisation_and_Weightage/indices_dataNov2017.zip,A1,downloaded,C:\Users\Shukla\AppData\Local\Temp\nifty200-pit-security-master\data\raw\nifty200_pit_public_sources\monthly_weightage\indices_dataNov2017.zip,PASS,2694151
https://www.niftyindices.com/Indices_-_Market_Capitalisation_and_Weightage/indices_dataDec2017.zip,A1,downloaded,C:\Users\Shukla\AppData\Local\Temp\nifty200-pit-security-master\data\raw\nifty200_pit_public_sources\monthly_weightage\indices_dataDec2017.zip,PASS,2694409
https://www.niftyindices.com/Indices_-_Market_Capitalisation_and_Weightage/indices_dataJan2018.zip,A1,downloaded,C:\Users\Shukla\AppData\Local\Temp\nifty200-pit-security-master\data\raw\nifty200_pit_public_sources\monthly_weightage\indices_dataJan2018.zip,PASS,2694161
https://www.niftyindices.com/Indices_-_Market_Capitalisation_and_Weightage/indices_dataFeb2018.zip,A1,downloaded,C:\Users\Shukla\AppData\Local\Temp\nifty200-pit-security-master\data\raw\nifty200_pit_public_sources\monthly_weightage\indices_dataFeb2018.zip,PASS,2694649
https://www.niftyindices.com/Indices_-_Market_Capitalisation_and_Weightage/indices_dataMar2018.zip,A1,downloaded,C:\Users\Shukla\AppData\Local\Temp\nifty200-pit-security-master\data\raw\nifty200_pit_public_sources\monthly_weightage\indices_dataMar2018.zip,PASS,2694245
https://www.niftyindices.com/Indices_-_Market_Capitalisation_and_Weightage/indices_dataApr2018.zip,A1,downloaded,C:\Users\Shukla\AppData\Local\Temp\nifty200-pit-security-master\data\raw\nifty200_pit_public_sources\monthly_weightage\indices_dataApr2018.zip,PASS,2558172
https://www.niftyindices.com/Indices_-_Market_Capitalisation_and_Weightage/indices_dataMay2018.zip,A1,downloaded,C:\Users\Shukla\AppData\Local\Temp\nifty200-pit-security-master\data\raw\nifty200_pit_public_sources\monthly_weightage\indices_dataMay2018.zip,PASS,2557849
https://www.niftyindices.com/Indices_-_Market_Capitalisation_and_Weightage/indices_dataJun2018.zip,A1,downloaded,C:\Users\Shukla\AppData\Local\Temp\nifty200-pit-security-master\data\raw\nifty200_pit_public_sources\monthly_weightage\indices_dataJun2018.zip,PASS,2556227
https://www.niftyindices.com/Indices_-_Market_Capitalisation_and_Weightage/indices_dataJul2018.zip,A1,downloaded,C:\Users\Shukla\AppData\Local\Temp\nifty200-pit-security-master\data\raw\nifty200_pit_public_sources\monthly_weightage\indices_dataJul2018.zip,PASS,2498478
https://www.niftyindices.com/Indices_-_Market_Capitalisation_and_Weightage/indices_dataAug2018.zip,A1,downloaded,C:\Users\Shukla\AppData\Local\Temp\nifty200-pit-security-master\data\raw\nifty200_pit_public_sources\monthly_weightage\indices_dataAug2018.zip,PASS,5339739
https://www.niftyindices.com/Indices_-_Market_Capitalisation_and_Weightage/indices_dataSep2018.zip,A1,downloaded,C:\Users\Shukla\AppData\Local\Temp\nifty200-pit-security-master\data\raw\nifty200_pit_public_sources\monthly_weightage\indices_dataSep2018.zip,PASS,5342692
https://www.niftyindices.com/Indices_-_Market_Capitalisation_and_Weightage/indices_dataOct2018.zip,A1,downloaded,C:\Users\Shukla\AppData\Local\Temp\nifty200-pit-security-master\data\raw\nifty200_pit_public_sources\monthly_weightage\indices_dataOct2018.zip,PASS,5342734
https://www.niftyindices.com/Indices_-_Market_Capitalisation_and_Weightage/indices_dataNov2018.zip,A1,downloaded,C:\Users\Shukla\AppData\Local\Temp\nifty200-pit-security-master\data\raw\nifty200_pit_public_sources\monthly_weightage\indices_dataNov2018.zip,PASS,5342774
https://www.niftyindices.com/Indices_-_Market_Capitalisation_and_Weightage/indices_dataDec2018.zip,A1,downloaded,C:\Users\Shukla\AppData\Local\Temp\nifty200-pit-security-master\data\raw\nifty200_pit_public_sources\monthly_weightage\indices_dataDec2018.zip,PASS,5342763
https://www.niftyindices.com/Indices_-_Market_Capitalisation_and_Weightage/indices_dataJan2019.zip,A1,downloaded,C:\Users\Shukla\AppData\Local\Temp\nifty200-pit-security-master\data\raw\nifty200_pit_public_sources\monthly_weightage\indices_dataJan2019.zip,PASS,5342606
https://www.niftyindices.com/Indices_-_Market_Capitalisation_and_Weightage/indices_dataFeb2019.zip,A1,downloaded,C:\Users\Shukla\AppData\Local\Temp\nifty200-pit-security-master\data\raw\nifty200_pit_public_sources\monthly_weightage\indices_dataFeb2019.zip,PASS,5342636
https://www.niftyindices.com/Indices_-_Market_Capitalisation_and_Weightage/indices_dataMar2019.zip,A1,downloaded,C:\Users\Shukla\AppData\Local\Temp\nifty200-pit-security-master\data\raw\nifty200_pit_public_sources\monthly_weightage\indices_dataMar2019.zip,PASS,5342092
https://www.niftyindices.com/Indices_-_Market_Capitalisation_and_Weightage/indices_dataApr2019.zip,A1,downloaded,C:\Users\Shukla\AppData\Local\Temp\nifty200-pit-security-master\data\raw\nifty200_pit_public_sources\monthly_weightage\indices_dataApr2019.zip,PASS,5341947
https://www.niftyindices.com/Indices_-_Market_Capitalisation_and_Weightage/indices_dataMay2019.zip,A1,downloaded,C:\Users\Shukla\AppData\Local\Temp\nifty200-pit-security-master\data\raw\nifty200_pit_public_sources\monthly_weightage\indices_dataMay2019.zip,PASS,5341785
https://www.niftyindices.com/Indices_-_Market_Capitalisation_and_Weightage/indices_dataJun2019.zip,A1,downloaded,C:\Users\Shukla\AppData\Local\Temp\nifty200-pit-security-master\data\raw\nifty200_pit_public_sources\monthly_weightage\indices_dataJun2019.zip,PASS,5341139
https://www.niftyindices.com/Indices_-_Market_Capitalisation_and_Weightage/indices_dataJul2019.zip,A1,downloaded,C:\Users\Shukla\AppData\Local\Temp\nifty200-pit-security-master\data\raw\nifty200_pit_public_sources\monthly_weightage\indices_dataJul2019.zip,PASS,5341057
https://www.niftyindices.com/Indices_-_Market_Capitalisation_and_Weightage/indices_dataAug2019.zip,A1,downloaded,C:\Users\Shukla\AppData\Local\Temp\nifty200-pit-security-master\data\raw\nifty200_pit_public_sources\monthly_weightage\indices_dataAug2019.zip,PASS,5341199
https://www.niftyindices.com/Indices_-_Market_Capitalisation_and_Weightage/indices_dataSep2019.zip,A1,downloaded,C:\Users\Shukla\AppData\Local\Temp\nifty200-pit-security-master\data\raw\nifty200_pit_public_sources\monthly_weightage\indices_dataSep2019.zip,PASS,5342994
https://www.niftyindices.com/Indices_-_Market_Capitalisation_and_Weightage/indices_dataOct2019.zip,A1,downloaded,C:\Users\Shukla\AppData\Local\Temp\nifty200-pit-security-master\data\raw\nifty200_pit_public_sources\monthly_weightage\indices_dataOct2019.zip,PASS,5343113
https://www.niftyindices.com/Indices_-_Market_Capitalisation_and_Weightage/indices_dataNov2019.zip,A1,downloaded,C:\Users\Shukla\AppData\Local\Temp\nifty200-pit-security-master\data\raw\nifty200_pit_public_sources\monthly_weightage\indices_dataNov2019.zip,PASS,5344801
https://www.niftyindices.com/Indices_-_Market_Capitalisation_and_Weightage/indices_dataDec2019.zip,A1,downloaded,C:\Users\Shukla\AppData\Local\Temp\nifty200-pit-security-master\data\raw\nifty200_pit_public_sources\monthly_weightage\indices_dataDec2019.zip,PASS,5218026
https://www.niftyindices.com/Indices_-_Market_Capitalisation_and_Weightage/indices_dataJan2020.zip,A1,downloaded,C:\Users\Shukla\AppData\Local\Temp\nifty200-pit-security-master\data\raw\nifty200_pit_public_sources\monthly_weightage\indices_dataJan2020.zip,PASS,5344762
https://www.niftyindices.com/Indices_-_Market_Capitalisation_and_Weightage/indices_dataFeb2020.zip,A1,downloaded,C:\Users\Shukla\AppData\Local\Temp\nifty200-pit-security-master\data\raw\nifty200_pit_public_sources\monthly_weightage\indices_dataFeb2020.zip,PASS,5344877
https://www.niftyindices.com/Indices_-_Market_Capitalisation_and_Weightage/indices_dataMar2020.zip,A1,downloaded,C:\Users\Shukla\AppData\Local\Temp\nifty200-pit-security-master\data\raw\nifty200_pit_public_sources\monthly_weightage\indices_dataMar2020.zip,PASS,5343814
https://www.niftyindices.com/Indices_-_Market_Capitalisation_and_Weightage/indices_dataApr2020.zip,A1,downloaded,C:\Users\Shukla\AppData\Local\Temp\nifty200-pit-security-master\data\raw\nifty200_pit_public_sources\monthly_weightage\indices_dataApr2020.zip,PASS,5344181
https://www.niftyindices.com/Indices_-_Market_Capitalisation_and_Weightage/indices_dataMay2020.zip,A1,downloaded,C:\Users\Shukla\AppData\Local\Temp\nifty200-pit-security-master\data\raw\nifty200_pit_public_sources\monthly_weightage\indices_dataMay2020.zip,PASS,5343694
https://www.niftyindices.com/Indices_-_Market_Capitalisation_and_Weightage/indices_dataJun2020.zip,A1,downloaded,C:\Users\Shukla\AppData\Local\Temp\nifty200-pit-security-master\data\raw\nifty200_pit_public_sources\monthly_weightage\indices_dataJun2020.zip,PASS,5343271
https://www.niftyindices.com/Indices_-_Market_Capitalisation_and_Weightage/indices_dataJul2020.zip,A1,downloaded,C:\Users\Shukla\AppData\Local\Temp\nifty200-pit-security-master\data\raw\nifty200_pit_public_sources\monthly_weightage\indices_dataJul2020.zip,PASS,5343323
https://www.niftyindices.com/Indices_-_Market_Capitalisation_and_Weightage/indices_dataAug2020.zip,A1,downloaded,C:\Users\Shukla\AppData\Local\Temp\nifty200-pit-security-master\data\raw\nifty200_pit_public_sources\monthly_weightage\indices_dataAug2020.zip,PASS,5343444
https://www.niftyindices.com/Indices_-_Market_Capitalisation_and_Weightage/indices_dataSep2020.zip,A1,downloaded,C:\Users\Shukla\AppData\Local\Temp\nifty200-pit-security-master\data\raw\nifty200_pit_public_sources\monthly_weightage\indices_dataSep2020.zip,PASS,5343967
https://www.niftyindices.com/Indices_-_Market_Capitalisation_and_Weightage/indices_dataOct2020.zip,A1,downloaded,C:\Users\Shukla\AppData\Local\Temp\nifty200-pit-security-master\data\raw\nifty200_pit_public_sources\monthly_weightage\indices_dataOct2020.zip,PASS,5343930
https://www.niftyindices.com/Indices_-_Market_Capitalisation_and_Weightage/indices_dataNov2020.zip,A1,downloaded,C:\Users\Shukla\AppData\Local\Temp\nifty200-pit-security-master\data\raw\nifty200_pit_public_sources\monthly_weightage\indices_dataNov2020.zip,PASS,5344488
https://www.niftyindices.com/Indices_-_Market_Capitalisation_and_Weightage/indices_dataDec2020.zip,A1,downloaded,C:\Users\Shukla\AppData\Local\Temp\nifty200-pit-security-master\data\raw\nifty200_pit_public_sources\monthly_weightage\indices_dataDec2020.zip,PASS,5344580
https://www.niftyindices.com/Indices_-_Market_Capitalisation_and_Weightage/indices_dataJan2021.zip,A1,downloaded,C:\Users\Shukla\AppData\Local\Temp\nifty200-pit-security-master\data\raw\nifty200_pit_public_sources\monthly_weightage\indices_dataJan2021.zip,PASS,5344327
https://www.niftyindices.com/Indices_-_Market_Capitalisation_and_Weightage/indices_dataFeb2021.zip,A1,downloaded,C:\Users\Shukla\AppData\Local\Temp\nifty200-pit-security-master\data\raw\nifty200_pit_public_sources\monthly_weightage\indices_dataFeb2021.zip,PASS,5344763
https://www.niftyindices.com/Indices_-_Market_Capitalisation_and_Weightage/indices_dataMar2021.zip,A1,downloaded,C:\Users\Shukla\AppData\Local\Temp\nifty200-pit-security-master\data\raw\nifty200_pit_public_sources\monthly_weightage\indices_dataMar2021.zip,PASS,5346035
https://www.niftyindices.com/Indices_-_Market_Capitalisation_and_Weightage/indices_dataApr2021.zip,A1,downloaded,C:\Users\Shukla\AppData\Local\Temp\nifty200-pit-security-master\data\raw\nifty200_pit_public_sources\monthly_weightage\indices_dataApr2021.zip,PASS,5346212
https://www.niftyindices.com/Indices_-_Market_Capitalisation_and_Weightage/indices_dataMay2021.zip,A1,downloaded,C:\Users\Shukla\AppData\Local\Temp\nifty200-pit-security-master\data\raw\nifty200_pit_public_sources\monthly_weightage\indices_dataMay2021.zip,PASS,5346066
https://www.niftyindices.com/Indices_-_Market_Capitalisation_and_Weightage/indices_dataJun2021.zip,A1,downloaded,C:\Users\Shukla\AppData\Local\Temp\nifty200-pit-security-master\data\raw\nifty200_pit_public_sources\monthly_weightage\indices_dataJun2021.zip,PASS,5346258
https://www.niftyindices.com/Indices_-_Market_Capitalisation_and_Weightage/indices_dataJul2021.zip,A1,downloaded,C:\Users\Shukla\AppData\Local\Temp\nifty200-pit-security-master\data\raw\nifty200_pit_public_sources\monthly_weightage\indices_dataJul2021.zip,PASS,5346128
https://www.niftyindices.com/Indices_-_Market_Capitalisation_and_Weightage/indices_dataAug2021.zip,A1,downloaded,C:\Users\Shukla\AppData\Local\Temp\nifty200-pit-security-master\data\raw\nifty200_pit_public_sources\monthly_weightage\indices_dataAug2021.zip,PASS,5346316
https://www.niftyindices.com/Indices_-_Market_Capitalisation_and_Weightage/indices_dataSep2021.zip,A1,downloaded,C:\Users\Shukla\AppData\Local\Temp\nifty200-pit-security-master\data\raw\nifty200_pit_public_sources\monthly_weightage\indices_dataSep2021.zip,PASS,5347690
https://www.niftyindices.com/Indices_-_Market_Capitalisation_and_Weightage/indices_dataOct2021.zip,A1,downloaded,C:\Users\Shukla\AppData\Local\Temp\nifty200-pit-security-master\data\raw\nifty200_pit_public_sources\monthly_weightage\indices_dataOct2021.zip,PASS,5347752
https://www.niftyindices.com/Indices_-_Market_Capitalisation_and_Weightage/indices_dataNov2021.zip,A1,downloaded,C:\Users\Shukla\AppData\Local\Temp\nifty200-pit-security-master\data\raw\nifty200_pit_public_sources\monthly_weightage\indices_dataNov2021.zip,PASS,5347996
https://www.niftyindices.com/Indices_-_Market_Capitalisation_and_Weightage/indices_dataDec2021.zip,A1,downloaded,C:\Users\Shukla\AppData\Local\Temp\nifty200-pit-security-master\data\raw\nifty200_pit_public_sources\monthly_weightage\indices_dataDec2021.zip,PASS,5475550
https://www.niftyindices.com/Indices_-_Market_Capitalisation_and_Weightage/indices_dataJan2022.zip,A1,downloaded,C:\Users\Shukla\AppData\Local\Temp\nifty200-pit-security-master\data\raw\nifty200_pit_public_sources\monthly_weightage\indices_dataJan2022.zip,PASS,5475349
https://www.niftyindices.com/Indices_-_Market_Capitalisation_and_Weightage/indices_dataFeb2022.zip,A1,downloaded,C:\Users\Shukla\AppData\Local\Temp\nifty200-pit-security-master\data\raw\nifty200_pit_public_sources\monthly_weightage\indices_dataFeb2022.zip,PASS,5475519
https://www.niftyindices.com/Indices_-_Market_Capitalisation_and_Weightage/indices_dataMar2022.zip,A1,downloaded,C:\Users\Shukla\AppData\Local\Temp\nifty200-pit-security-master\data\raw\nifty200_pit_public_sources\monthly_weightage\indices_dataMar2022.zip,PASS,5475885
https://www.niftyindices.com/press-release,A1,downloaded,C:\Users\Shukla\AppData\Local\Temp\nifty200-pit-security-master\data\raw\nifty200_pit_public_sources\press_releases\press_release_archive.html,PASS,651284
https://www.niftyindices.com/Press_Release/ind_prs03092026.pdf,A1,downloaded,C:\Users\Shukla\AppData\Local\Temp\nifty200-pit-security-master\data\raw\nifty200_pit_public_sources\press_releases\candidates\ind_prs03092026.pdf,PASS,342820
https://www.niftyindices.com/Press_Release/ind_prs26082026_1.pdf,A1,downloaded,C:\Users\Shukla\AppData\Local\Temp\nifty200-pit-security-master\data\raw\nifty200_pit_public_sources\press_releases\candidates\ind_prs26082026_1.pdf,PASS,339894
https://www.niftyindices.com/Press_Release/ind_prs10082026.pdf,A1,downloaded,C:\Users\Shukla\AppData\Local\Temp\nifty200-pit-security-master\data\raw\nifty200_pit_public_sources\press_releases\candidates\ind_prs10082026.pdf,PASS,983307
https://www.niftyindices.com/Press_Release/ind_prs10082026_3.pdf,A1,downloaded,C:\Users\Shukla\AppData\Local\Temp\nifty200-pit-security-master\data\raw\nifty200_pit_public_sources\press_releases\candidates\ind_prs10082026_3.pdf,PASS,353442
https://www.niftyindices.com/Press_Release/ind_prs28072026_1.pdf,A1,downloaded,C:\Users\Shukla\AppData\Local\Temp\nifty200-pit-security-master\data\raw\nifty200_pit_public_sources\press_releases\candidates\ind_prs28072026_1.pdf,PASS,337575
https://www.niftyindices.com/Press_Release/ind_prs20072026.pdf,A1,downloaded,C:\Users\Shukla\AppData\Local\Temp\nifty200-pit-security-master\data\raw\nifty200_pit_public_sources\press_releases\candidates\ind_prs20072026.pdf,PASS,330703
https://www.niftyindices.com/Press_Release/ind_prs17072026_1.pdf,A1,downloaded,C:\Users\Shukla\AppData\Local\Temp\nifty200-pit-security-master\data\raw\nifty200_pit_public_sources\press_releases\candidates\ind_prs17072026_1.pdf,PASS,364194
https://www.niftyindices.com/Press_Release/ind_prs13072026_1.pdf,A1,downloaded,C:\Users\Shukla\AppData\Local\Temp\nifty200-pit-security-master\data\raw\nifty200_pit_public_sources\press_releases\candidates\ind_prs13072026_1.pdf,PASS,400091
https://www.niftyindices.com/Press_Release/ind_prs19062026.pdf,A1,downloaded,C:\Users\Shukla\AppData\Local\Temp\nifty200-pit-security-master\data\raw\nifty200_pit_public_sources\press_releases\candidates\ind_prs19062026.pdf,PASS,341827
https://www.niftyindices.com/Press_Release/ind_prs17062026_2.pdf,A1,downloaded,C:\Users\Shukla\AppData\Local\Temp\nifty200-pit-security-master\data\raw\nifty200_pit_public_sources\press_releases\candidates\ind_prs17062026_2.pdf,PASS,284663
https://www.niftyindices.com/Press_Release/ind_prs10062026.pdf,A1,downloaded,C:\Users\Shukla\AppData\Local\Temp\nifty200-pit-security-master\data\raw\nifty200_pit_public_sources\press_releases\candidates\ind_prs10062026.pdf,PASS,786506
https://www.niftyindices.com/Press_Release/ind_prs21052026_1.pdf,A1,downloaded,C:\Users\Shukla\AppData\Local\Temp\nifty200-pit-security-master\data\raw\nifty200_pit_public_sources\press_releases\candidates\ind_prs21052026_1.pdf,PASS,376439
https://www.niftyindices.com/Press_Release/ind_prs20052026_1.pdf,A1,downloaded,C:\Users\Shukla\AppData\Local\Temp\nifty200-pit-security-master\data\raw\nifty200_pit_public_sources\press_releases\candidates\ind_prs20052026_1.pdf,PASS,336148
https://www.niftyindices.com/Press_Release/ind_prs08052026.pdf,A1,downloaded,C:\Users\Shukla\AppData\Local\Temp\nifty200-pit-security-master\data\raw\nifty200_pit_public_sources\press_releases\candidates\ind_prs08052026.pdf,PASS,354319
https://www.niftyindices.com/Press_Release/ind_prs04052026.pdf,A1,downloaded,C:\Users\Shukla\AppData\Local\Temp\nifty200-pit-security-master\data\raw\nifty200_pit_public_sources\press_releases\candidates\ind_prs04052026.pdf,PASS,385708
https://www.niftyindices.com/Press_Release/ind_prs23042026.pdf,A1,downloaded,C:\Users\Shukla\AppData\Local\Temp\nifty200-pit-security-master\data\raw\nifty200_pit_public_sources\press_releases\candidates\ind_prs23042026.pdf,PASS,360749
https://www.niftyindices.com/Press_Release/ind_prs12032026.pdf,A1,downloaded,C:\Users\Shukla\AppData\Local\Temp\nifty200-pit-security-master\data\raw\nifty200_pit_public_sources\press_releases\candidates\ind_prs12032026.pdf,PASS,368757
https://www.niftyindices.com/Press_Release/ind_prs23022026.pdf,A1,downloaded,C:\Users\Shukla\AppData\Local\Temp\nifty200-pit-security-master\data\raw\nifty200_pit_public_sources\press_releases\candidates\ind_prs23022026.pdf,PASS,943729
https://www.niftyindices.com/Press_Release/ind_prs20022026_1.pdf,A1,downloaded,C:\Users\Shukla\AppData\Local\Temp\nifty200-pit-security-master\data\raw\nifty200_pit_public_sources\press_releases\candidates\ind_prs20022026_1.pdf,PASS,265957
https://www.niftyindices.com/Press_Release/ind_prs20022026_2.pdf,A1,downloaded,C:\Users\Shukla\AppData\Local\Temp\nifty200-pit-security-master\data\raw\nifty200_pit_public_sources\press_releases\candidates\ind_prs20022026_2.pdf,PASS,262428
https://www.niftyindices.com/Press_Release/ind_prs20012026_2.pdf,A1,downloaded,C:\Users\Shukla\AppData\Local\Temp\nifty200-pit-security-master\data\raw\nifty200_pit_public_sources\press_releases\candidates\ind_prs20012026_2.pdf,PASS,268172
https://www.niftyindices.com/Press_Release/ind_prs23122025.pdf,A1,downloaded,C:\Users\Shukla\AppData\Local\Temp\nifty200-pit-security-master\data\raw\nifty200_pit_public_sources\press_releases\candidates\ind_prs23122025.pdf,PASS,277810
https://www.niftyindices.com/Press_Release/ind_prs11122025.pdf,A1,downloaded,C:\Users\Shukla\AppData\Local\Temp\nifty200-pit-security-master\data\raw\nifty200_pit_public_sources\press_releases\candidates\ind_prs11122025.pdf,PASS,702491
https://www.niftyindices.com/Press_Release/ind_prs11122025_1.pdf,A1,downloaded,C:\Users\Shukla\AppData\Local\Temp\nifty200-pit-security-master\data\raw\nifty200_pit_public_sources\press_releases\candidates\ind_prs11122025_1.pdf,PASS,256430
https://www.niftyindices.com/Press_Release/ind_prs28112025.pdf,A1,downloaded,C:\Users\Shukla\AppData\Local\Temp\nifty200-pit-security-master\data\raw\nifty200_pit_public_sources\press_releases\candidates\ind_prs28112025.pdf,PASS,271998
https://www.niftyindices.com/Press_Release/ind_prs26112025.pdf,A1,downloaded,C:\Users\Shukla\AppData\Local\Temp\nifty200-pit-security-master\data\raw\nifty200_pit_public_sources\press_releases\candidates\ind_prs26112025.pdf,PASS,256945
https://www.niftyindices.com/Press_Release/ind_prs17112025_1.pdf,A1,downloaded,C:\Users\Shukla\AppData\Local\Temp\nifty200-pit-security-master\data\raw\nifty200_pit_public_sources\press_releases\candidates\ind_prs17112025_1.pdf,PASS,276073
https://www.niftyindices.com/Press_Release/ind_prs07112025.pdf,A1,downloaded,C:\Users\Shukla\AppData\Local\Temp\nifty200-pit-security-master\data\raw\nifty200_pit_public_sources\press_releases\candidates\ind_prs07112025.pdf,PASS,252912
https://www.niftyindices.com/Press_Release/ind_prs20102025.pdf,A1,downloaded,C:\Users\Shukla\AppData\Local\Temp\nifty200-pit-security-master\data\raw\nifty200_pit_public_sources\press_releases\candidates\ind_prs20102025.pdf,PASS,273089
https://www.niftyindices.com/Press_Release/ind_prs17102025.pdf,A1,downloaded,C:\Users\Shukla\AppData\Local\Temp\nifty200-pit-security-master\data\raw\nifty200_pit_public_sources\press_releases\candidates\ind_prs17102025.pdf,PASS,288536
https://www.niftyindices.com/Press_Release/ind_prs10102025.pdf,A1,downloaded,C:\Users\Shukla\AppData\Local\Temp\nifty200-pit-security-master\data\raw\nifty200_pit_public_sources\press_releases\candidates\ind_prs10102025.pdf,PASS,262564
https://www.niftyindices.com/Press_Release/ind_prs07102025.pdf,A1,downloaded,C:\Users\Shukla\AppData\Local\Temp\nifty200-pit-security-master\data\raw\nifty200_pit_public_sources\press_releases\candidates\ind_prs07102025.pdf,PASS,269163
https://www.niftyindices.com/Press_Release/ind_prs15092025.pdf,A1,downloaded,C:\Users\Shukla\AppData\Local\Temp\nifty200-pit-security-master\data\raw\nifty200_pit_public_sources\press_releases\candidates\ind_prs15092025.pdf,PASS,370791
https://www.niftyindices.com/Press_Release/ind_prs15092025_1.pdf,A1,downloaded,C:\Users\Shukla\AppData\Local\Temp\nifty200-pit-security-master\data\raw\nifty200_pit_public_sources\press_releases\candidates\ind_prs15092025_1.pdf,PASS,337212
https://www.niftyindices.com/Press_Release/ind_prs22082025.pdf,A1,downloaded,C:\Users\Shukla\AppData\Local\Temp\nifty200-pit-security-master\data\raw\nifty200_pit_public_sources\press_releases\candidates\ind_prs22082025.pdf,PASS,773272
https://www.niftyindices.com/Press_Release/ind_prs22082025_1.pdf,A1,downloaded,C:\Users\Shukla\AppData\Local\Temp\nifty200-pit-security-master\data\raw\nifty200_pit_public_sources\press_releases\candidates\ind_prs22082025_1.pdf,PASS,274900
https://www.niftyindices.com/Press_Release/ind_prs24072025.pdf,A1,downloaded,C:\Users\Shukla\AppData\Local\Temp\nifty200-pit-security-master\data\raw\nifty200_pit_public_sources\press_releases\candidates\ind_prs24072025.pdf,PASS,278089
https://www.niftyindices.com/Press_Release/ind_prs08072025.pdf,A1,downloaded,C:\Users\Shukla\AppData\Local\Temp\nifty200-pit-security-master\data\raw\nifty200_pit_public_sources\press_releases\candidates\ind_prs08072025.pdf,PASS,255466
https://www.niftyindices.com/Press_Release/ind_prs06062025.pdf,A1,downloaded,C:\Users\Shukla\AppData\Local\Temp\nifty200-pit-security-master\data\raw\nifty200_pit_public_sources\press_releases\candidates\ind_prs06062025.pdf,PASS,489609
https://www.niftyindices.com/Press_Release/ind_prs19052025.pdf,A1,downloaded,C:\Users\Shukla\AppData\Local\Temp\nifty200-pit-security-master\data\raw\nifty200_pit_public_sources\press_releases\candidates\ind_prs19052025.pdf,PASS,227537
https://www.niftyindices.com/Press_Release/ind_prs09052025.pdf,A1,downloaded,C:\Users\Shukla\AppData\Local\Temp\nifty200-pit-security-master\data\raw\nifty200_pit_public_sources\press_releases\candidates\ind_prs09052025.pdf,PASS,225940
https://www.niftyindices.com/Press_Release/ind_prs21042025.pdf,A1,downloaded,C:\Users\Shukla\AppData\Local\Temp\nifty200-pit-security-master\data\raw\nifty200_pit_public_sources\press_releases\candidates\ind_prs21042025.pdf,PASS,220851
https://www.niftyindices.com/Press_Release/ind_prs21042025_1.pdf,A1,downloaded,C:\Users\Shukla\AppData\Local\Temp\nifty200-pit-security-master\data\raw\nifty200_pit_public_sources\press_releases\candidates\ind_prs21042025_1.pdf,PASS,160178
https://www.niftyindices.com/Press_Release/ind_prs04042025_2.pdf,A1,downloaded,C:\Users\Shukla\AppData\Local\Temp\nifty200-pit-security-master\data\raw\nifty200_pit_public_sources\press_releases\candidates\ind_prs04042025_2.pdf,PASS,177744
https://www.niftyindices.com/Press_Release/ind_prs02042025.pdf,A1,downloaded,C:\Users\Shukla\AppData\Local\Temp\nifty200-pit-security-master\data\raw\nifty200_pit_public_sources\press_releases\candidates\ind_prs02042025.pdf,PASS,230204
https://www.niftyindices.com/Press_Release/ind_prs17032025.pdf,A1,downloaded,C:\Users\Shukla\AppData\Local\Temp\nifty200-pit-security-master\data\raw\nifty200_pit_public_sources\press_releases\candidates\ind_prs17032025.pdf,PASS,199021
https://www.niftyindices.com/Press_Release/ind_prs17032025_1.pdf,A1,downloaded,C:\Users\Shukla\AppData\Local\Temp\nifty200-pit-security-master\data\raw\nifty200_pit_public_sources\press_releases\candidates\ind_prs17032025_1.pdf,PASS,218271
https://www.niftyindices.com/Press_Release/ind_prs13032025.pdf,A1,downloaded,C:\Users\Shukla\AppData\Local\Temp\nifty200-pit-security-master\data\raw\nifty200_pit_public_sources\press_releases\candidates\ind_prs13032025.pdf,PASS,250659
https://www.niftyindices.com/Press_Release/ind_prs06032025.pdf,A1,downloaded,C:\Users\Shukla\AppData\Local\Temp\nifty200-pit-security-master\data\raw\nifty200_pit_public_sources\press_releases\candidates\ind_prs06032025.pdf,PASS,167095
https://www.niftyindices.com/Press_Release/ind_prs21022025.pdf,A1,downloaded,C:\Users\Shukla\AppData\Local\Temp\nifty200-pit-security-master\data\raw\nifty200_pit_public_sources\press_releases\candidates\ind_prs21022025.pdf,PASS,775528
https://www.niftyindices.com/Press_Release/ind_prs18022025.pdf,A1,downloaded,C:\Users\Shukla\AppData\Local\Temp\nifty200-pit-security-master\data\raw\nifty200_pit_public_sources\press_releases\candidates\ind_prs18022025.pdf,PASS,167832
https://www.niftyindices.com/Press_Release/ind_prs06022025_1.pdf,A1,downloaded,C:\Users\Shukla\AppData\Local\Temp\nifty200-pit-security-master\data\raw\nifty200_pit_public_sources\press_releases\candidates\ind_prs06022025_1.pdf,PASS,228456
https://www.niftyindices.com/Press_Release/ind_prs05022025_1.pdf,A1,downloaded,C:\Users\Shukla\AppData\Local\Temp\nifty200-pit-security-master\data\raw\nifty200_pit_public_sources\press_releases\candidates\ind_prs05022025_1.pdf,PASS,216641
https://www.niftyindices.com/Press_Release/ind_prs30122024.pdf,A1,downloaded,C:\Users\Shukla\AppData\Local\Temp\nifty200-pit-security-master\data\raw\nifty200_pit_public_sources\press_releases\candidates\ind_prs30122024.pdf,PASS,233285
https://www.niftyindices.com/Press_Release/ind_prs11122024.pdf,A1,downloaded,C:\Users\Shukla\AppData\Local\Temp\nifty200-pit-security-master\data\raw\nifty200_pit_public_sources\press_releases\candidates\ind_prs11122024.pdf,PASS,587185
https://www.niftyindices.com/Press_Release/ind_prs22112024.pdf,A1,downloaded,C:\Users\Shukla\AppData\Local\Temp\nifty200-pit-security-master\data\raw\nifty200_pit_public_sources\press_releases\candidates\ind_prs22112024.pdf,PASS,159726
https://www.niftyindices.com/Press_Release/ind_prs10102024.pdf,A1,downloaded,C:\Users\Shukla\AppData\Local\Temp\nifty200-pit-security-master\data\raw\nifty200_pit_public_sources\press_releases\candidates\ind_prs10102024.pdf,PASS,175944
https://www.niftyindices.com/Press_Release/ind_prs10102024_1.pdf,A1,downloaded,C:\Users\Shukla\AppData\Local\Temp\nifty200-pit-security-master\data\raw\nifty200_pit_public_sources\press_releases\candidates\ind_prs10102024_1.pdf,PASS,173130
https://www.niftyindices.com/Press_Release/ind_prs04102024.pdf,A1,downloaded,C:\Users\Shukla\AppData\Local\Temp\nifty200-pit-security-master\data\raw\nifty200_pit_public_sources\press_releases\candidates\ind_prs04102024.pdf,PASS,193724
https://www.niftyindices.com/Press_Release/ind_prs25092024.pdf,A1,downloaded,C:\Users\Shukla\AppData\Local\Temp\nifty200-pit-security-master\data\raw\nifty200_pit_public_sources\press_releases\candidates\ind_prs25092024.pdf,PASS,277111
https://www.niftyindices.com/Press_Release/ind_prs23092024.pdf,A1,downloaded,C:\Users\Shukla\AppData\Local\Temp\nifty200-pit-security-master\data\raw\nifty200_pit_public_sources\press_releases\candidates\ind_prs23092024.pdf,PASS,342051
https://www.niftyindices.com/Press_Release/ind_prs19092024.pdf,A1,downloaded,C:\Users\Shukla\AppData\Local\Temp\nifty200-pit-security-master\data\raw\nifty200_pit_public_sources\press_releases\candidates\ind_prs19092024.pdf,PASS,163958
https://www.niftyindices.com/Press_Release/ind_prs13092024.pdf,A1,downloaded,C:\Users\Shukla\AppData\Local\Temp\nifty200-pit-security-master\data\raw\nifty200_pit_public_sources\press_releases\candidates\ind_prs13092024.pdf,PASS,162495
https://www.niftyindices.com/Press_Release/ind_prs06092024.pdf,A1,downloaded,C:\Users\Shukla\AppData\Local\Temp\nifty200-pit-security-master\data\raw\nifty200_pit_public_sources\press_releases\candidates\ind_prs06092024.pdf,PASS,215458
https://www.niftyindices.com/Press_Release/ind_prs27082024.pdf,A1,downloaded,C:\Users\Shukla\AppData\Local\Temp\nifty200-pit-security-master\data\raw\nifty200_pit_public_sources\press_releases\candidates\ind_prs27082024.pdf,PASS,167178
https://www.niftyindices.com/Press_Release/ind_prs23082024.pdf,A1,downloaded,C:\Users\Shukla\AppData\Local\Temp\nifty200-pit-security-master\data\raw\nifty200_pit_public_sources\press_releases\candidates\ind_prs23082024.pdf,PASS,788856
https://www.niftyindices.com/Press_Release/ind_prs23082024_1.pdf,A1,downloaded,C:\Users\Shukla\AppData\Local\Temp\nifty200-pit-security-master\data\raw\nifty200_pit_public_sources\press_releases\candidates\ind_prs23082024_1.pdf,PASS,283061
https://www.niftyindices.com/Press_Release/ind_prs24072024.pdf,A1,downloaded,C:\Users\Shukla\AppData\Local\Temp\nifty200-pit-security-master\data\raw\nifty200_pit_public_sources\press_releases\candidates\ind_prs24072024.pdf,PASS,172174
https://www.niftyindices.com/Press_Release/ind_prs05072024.pdf,A1,downloaded,C:\Users\Shukla\AppData\Local\Temp\nifty200-pit-security-master\data\raw\nifty200_pit_public_sources\press_releases\candidates\ind_prs05072024.pdf,PASS,224838
https://www.niftyindices.com/Press_Release/ind_prs21062024_1.pdf,A1,downloaded,C:\Users\Shukla\AppData\Local\Temp\nifty200-pit-security-master\data\raw\nifty200_pit_public_sources\press_releases\candidates\ind_prs21062024_1.pdf,PASS,159321
https://www.niftyindices.com/Press_Release/ind_prs07062024.pdf,A1,downloaded,C:\Users\Shukla\AppData\Local\Temp\nifty200-pit-security-master\data\raw\nifty200_pit_public_sources\press_releases\candidates\ind_prs07062024.pdf,PASS,448814
https://www.niftyindices.com/Press_Release/ind_prs07062024_2.pdf,A1,downloaded,C:\Users\Shukla\AppData\Local\Temp\nifty200-pit-security-master\data\raw\nifty200_pit_public_sources\press_releases\candidates\ind_prs07062024_2.pdf,PASS,220057
https://www.niftyindices.com/Press_Release/ind_prs22052024.pdf,A1,downloaded,C:\Users\Shukla\AppData\Local\Temp\nifty200-pit-security-master\data\raw\nifty200_pit_public_sources\press_releases\candidates\ind_prs22052024.pdf,PASS,196776
https://www.niftyindices.com/Press_Release/ind_prs24042024.pdf,A1,downloaded,C:\Users\Shukla\AppData\Local\Temp\nifty200-pit-security-master\data\raw\nifty200_pit_public_sources\press_releases\candidates\ind_prs24042024.pdf,PASS,170268
https://www.niftyindices.com/Press_Release/ind_prs24042024_1.pdf,A1,downloaded,C:\Users\Shukla\AppData\Local\Temp\nifty200-pit-security-master\data\raw\nifty200_pit_public_sources\press_releases\candidates\ind_prs24042024_1.pdf,PASS,167211
https://www.niftyindices.com/Press_Release/ind_prs19032024.pdf,A1,downloaded,C:\Users\Shukla\AppData\Local\Temp\nifty200-pit-security-master\data\raw\nifty200_pit_public_sources\press_releases\candidates\ind_prs19032024.pdf,PASS,260711
https://www.niftyindices.com/Press_Release/ind_prs14032024.pdf,A1,downloaded,C:\Users\Shukla\AppData\Local\Temp\nifty200-pit-security-master\data\raw\nifty200_pit_public_sources\press_releases\candidates\ind_prs14032024.pdf,PASS,208576
https://www.niftyindices.com/Press_Release/ind_prs28022024.pdf,A1,downloaded,C:\Users\Shukla\AppData\Local\Temp\nifty200-pit-security-master\data\raw\nifty200_pit_public_sources\press_releases\candidates\ind_prs28022024.pdf,PASS,637067
https://www.niftyindices.com/Press_Release/ind_prs30012024.pdf,A1,downloaded,C:\Users\Shukla\AppData\Local\Temp\nifty200-pit-security-master\data\raw\nifty200_pit_public_sources\press_releases\candidates\ind_prs30012024.pdf,PASS,112834
https://www.niftyindices.com/Press_Release/ind_prs19012024.pdf,A1,downloaded,C:\Users\Shukla\AppData\Local\Temp\nifty200-pit-security-master\data\raw\nifty200_pit_public_sources\press_releases\candidates\ind_prs19012024.pdf,PASS,107472
https://www.niftyindices.com/Press_Release/ind_prs10012024.pdf,A1,downloaded,C:\Users\Shukla\AppData\Local\Temp\nifty200-pit-security-master\data\raw\nifty200_pit_public_sources\press_releases\candidates\ind_prs10012024.pdf,PASS,112659
https://www.niftyindices.com/Press_Release/ind_prs07122023.pdf,A1,downloaded,C:\Users\Shukla\AppData\Local\Temp\nifty200-pit-security-master\data\raw\nifty200_pit_public_sources\press_releases\candidates\ind_prs07122023.pdf,PASS,293102
https://www.niftyindices.com/Press_Release/ind_prs17102023.pdf,A1,downloaded,C:\Users\Shukla\AppData\Local\Temp\nifty200-pit-security-master\data\raw\nifty200_pit_public_sources\press_releases\candidates\ind_prs17102023.pdf,PASS,136794
https://www.niftyindices.com/Press_Release/ind_prs15092023.pdf,A1,downloaded,C:\Users\Shukla\AppData\Local\Temp\nifty200-pit-security-master\data\raw\nifty200_pit_public_sources\press_releases\candidates\ind_prs15092023.pdf,PASS,165417
https://www.niftyindices.com/Press_Release/ind_prs05092023.pdf,A1,downloaded,C:\Users\Shukla\AppData\Local\Temp\nifty200-pit-security-master\data\raw\nifty200_pit_public_sources\press_releases\candidates\ind_prs05092023.pdf,PASS,112102
https://www.niftyindices.com/Press_Release/ind_prs23082023.pdf,A1,downloaded,C:\Users\Shukla\AppData\Local\Temp\nifty200-pit-security-master\data\raw\nifty200_pit_public_sources\press_releases\candidates\ind_prs23082023.pdf,PASS,94251
https://www.niftyindices.com/Press_Release/ind_prs17082023.pdf,A1,downloaded,C:\Users\Shukla\AppData\Local\Temp\nifty200-pit-security-master\data\raw\nifty200_pit_public_sources\press_releases\candidates\ind_prs17082023.pdf,PASS,464413
https://www.niftyindices.com/Press_Release/ind_prs24072023.pdf,A1,downloaded,C:\Users\Shukla\AppData\Local\Temp\nifty200-pit-security-master\data\raw\nifty200_pit_public_sources\press_releases\candidates\ind_prs24072023.pdf,PASS,118960
https://www.niftyindices.com/Press_Release/ind_prs17072023.pdf,A1,downloaded,C:\Users\Shukla\AppData\Local\Temp\nifty200-pit-security-master\data\raw\nifty200_pit_public_sources\press_releases\candidates\ind_prs17072023.pdf,PASS,152252
https://www.niftyindices.com/Press_Release/ind_prs04072023.pdf,A1,downloaded,C:\Users\Shukla\AppData\Local\Temp\nifty200-pit-security-master\data\raw\nifty200_pit_public_sources\press_releases\candidates\ind_prs04072023.pdf,PASS,148713
https://www.niftyindices.com/Press_Release/ind_prs27062023.pdf,A1,downloaded,C:\Users\Shukla\AppData\Local\Temp\nifty200-pit-security-master\data\raw\nifty200_pit_public_sources\press_releases\candidates\ind_prs27062023.pdf,PASS,102953
https://www.niftyindices.com/Press_Release/ind_prs09062023.pdf,A1,downloaded,C:\Users\Shukla\AppData\Local\Temp\nifty200-pit-security-master\data\raw\nifty200_pit_public_sources\press_releases\candidates\ind_prs09062023.pdf,PASS,257113
https://www.niftyindices.com/Press_Release/ind_prs19042023_1.pdf,A1,downloaded,C:\Users\Shukla\AppData\Local\Temp\nifty200-pit-security-master\data\raw\nifty200_pit_public_sources\press_releases\candidates\ind_prs19042023_1.pdf,PASS,208792
https://www.niftyindices.com/Press_Release/ind_prs06032023.pdf,A1,downloaded,C:\Users\Shukla\AppData\Local\Temp\nifty200-pit-security-master\data\raw\nifty200_pit_public_sources\press_releases\candidates\ind_prs06032023.pdf,PASS,226998
https://www.niftyindices.com/Press_Release/ind_prs21022023.pdf,A1,downloaded,C:\Users\Shukla\AppData\Local\Temp\nifty200-pit-security-master\data\raw\nifty200_pit_public_sources\press_releases\candidates\ind_prs21022023.pdf,PASS,170333
https://www.niftyindices.com/Press_Release/ind_prs17022023_1.pdf,A1,downloaded,C:\Users\Shukla\AppData\Local\Temp\nifty200-pit-security-master\data\raw\nifty200_pit_public_sources\press_releases\candidates\ind_prs17022023_1.pdf,PASS,546885
https://www.niftyindices.com/Press_Release/ind_prs09022023_1.pdf,A1,downloaded,C:\Users\Shukla\AppData\Local\Temp\nifty200-pit-security-master\data\raw\nifty200_pit_public_sources\press_releases\candidates\ind_prs09022023_1.pdf,PASS,183345
https://www.niftyindices.com/Press_Release/ind_prs22122022.pdf,A1,downloaded,C:\Users\Shukla\AppData\Local\Temp\nifty200-pit-security-master\data\raw\nifty200_pit_public_sources\press_releases\candidates\ind_prs22122022.pdf,PASS,189630
https://www.niftyindices.com/Press_Release/ind_prs06122022.pdf,A1,downloaded,C:\Users\Shukla\AppData\Local\Temp\nifty200-pit-security-master\data\raw\nifty200_pit_public_sources\press_releases\candidates\ind_prs06122022.pdf,PASS,247337
https://www.niftyindices.com/Press_Release/ind_prs20102022.pdf,A1,downloaded,C:\Users\Shukla\AppData\Local\Temp\nifty200-pit-security-master\data\raw\nifty200_pit_public_sources\press_releases\candidates\ind_prs20102022.pdf,PASS,171789
https://www.niftyindices.com/Press_Release/ind_prs20102022_1.pdf,A1,downloaded,C:\Users\Shukla\AppData\Local\Temp\nifty200-pit-security-master\data\raw\nifty200_pit_public_sources\press_releases\candidates\ind_prs20102022_1.pdf,PASS,162793
https://www.niftyindices.com/Press_Release/ind_prs16092022.pdf,A1,downloaded,C:\Users\Shukla\AppData\Local\Temp\nifty200-pit-security-master\data\raw\nifty200_pit_public_sources\press_releases\candidates\ind_prs16092022.pdf,PASS,270391
https://www.niftyindices.com/Press_Release/ind_prs01092022.pdf,A1,downloaded,C:\Users\Shukla\AppData\Local\Temp\nifty200-pit-security-master\data\raw\nifty200_pit_public_sources\press_releases\candidates\ind_prs01092022.pdf,PASS,525961
https://www.niftyindices.com/Press_Release/ind_prs23082022.pdf,A1,downloaded,C:\Users\Shukla\AppData\Local\Temp\nifty200-pit-security-master\data\raw\nifty200_pit_public_sources\press_releases\candidates\ind_prs23082022.pdf,PASS,179101
https://www.niftyindices.com/Press_Release/ind_prs26072022.pdf,A1,downloaded,C:\Users\Shukla\AppData\Local\Temp\nifty200-pit-security-master\data\raw\nifty200_pit_public_sources\press_releases\candidates\ind_prs26072022.pdf,PASS,183085
https://www.niftyindices.com/Press_Release/ind_prs11072022.pdf,A1,downloaded,C:\Users\Shukla\AppData\Local\Temp\nifty200-pit-security-master\data\raw\nifty200_pit_public_sources\press_releases\candidates\ind_prs11072022.pdf,PASS,245851
https://www.niftyindices.com/Press_Release/ind_prs15062022.pdf,A1,downloaded,C:\Users\Shukla\AppData\Local\Temp\nifty200-pit-security-master\data\raw\nifty200_pit_public_sources\press_releases\candidates\ind_prs15062022.pdf,PASS,334131
https://www.niftyindices.com/Press_Release/ind_prs24052022.pdf,A1,downloaded,C:\Users\Shukla\AppData\Local\Temp\nifty200-pit-security-master\data\raw\nifty200_pit_public_sources\press_releases\candidates\ind_prs24052022.pdf,PASS,183074
https://www.niftyindices.com/Press_Release/ind_prs06042022.pdf,A1,downloaded,C:\Users\Shukla\AppData\Local\Temp\nifty200-pit-security-master\data\raw\nifty200_pit_public_sources\press_releases\candidates\ind_prs06042022.pdf,PASS,180107
https://www.niftyindices.com/Press_Release/ind_prs05042022.pdf,A1,downloaded,C:\Users\Shukla\AppData\Local\Temp\nifty200-pit-security-master\data\raw\nifty200_pit_public_sources\press_releases\candidates\ind_prs05042022.pdf,PASS,193433
https://www.niftyindices.com/Press_Release/ind_prs05042022_1.pdf,A1,downloaded,C:\Users\Shukla\AppData\Local\Temp\nifty200-pit-security-master\data\raw\nifty200_pit_public_sources\press_releases\candidates\ind_prs05042022_1.pdf,PASS,189356
https://www.niftyindices.com/Press_Release/ind_prs08032022.pdf,A1,downloaded,C:\Users\Shukla\AppData\Local\Temp\nifty200-pit-security-master\data\raw\nifty200_pit_public_sources\press_releases\candidates\ind_prs08032022.pdf,PASS,267552
https://www.niftyindices.com/Press_Release/ind_prs24022022_1.pdf,A1,downloaded,C:\Users\Shukla\AppData\Local\Temp\nifty200-pit-security-master\data\raw\nifty200_pit_public_sources\press_releases\candidates\ind_prs24022022_1.pdf,PASS,568913
https://www.niftyindices.com/Press_Release/ind_prs08122021.pdf,A1,downloaded,C:\Users\Shukla\AppData\Local\Temp\nifty200-pit-security-master\data\raw\nifty200_pit_public_sources\press_releases\candidates\ind_prs08122021.pdf,PASS,976206
https://www.niftyindices.com/Press_Release/ind_prs22102021.pdf,A1,downloaded,C:\Users\Shukla\AppData\Local\Temp\nifty200-pit-security-master\data\raw\nifty200_pit_public_sources\press_releases\candidates\ind_prs22102021.pdf,PASS,200384
https://www.niftyindices.com/Press_Release/ind_prs20092021.pdf,A1,downloaded,C:\Users\Shukla\AppData\Local\Temp\nifty200-pit-security-master\data\raw\nifty200_pit_public_sources\press_releases\candidates\ind_prs20092021.pdf,PASS,176073
https://www.niftyindices.com/Press_Release/ind_prs15092021.pdf,A1,downloaded,C:\Users\Shukla\AppData\Local\Temp\nifty200-pit-security-master\data\raw\nifty200_pit_public_sources\press_releases\candidates\ind_prs15092021.pdf,PASS,416990
https://www.niftyindices.com/Press_Release/ind_prs23082021.pdf,A1,downloaded,C:\Users\Shukla\AppData\Local\Temp\nifty200-pit-security-master\data\raw\nifty200_pit_public_sources\press_releases\candidates\ind_prs23082021.pdf,PASS,2563857
https://www.niftyindices.com/Press_Release/ind_prs15062021.pdf,A1,downloaded,C:\Users\Shukla\AppData\Local\Temp\nifty200-pit-security-master\data\raw\nifty200_pit_public_sources\press_releases\candidates\ind_prs15062021.pdf,PASS,270118
https://www.niftyindices.com/Press_Release/ind_prs22042021.pdf,A1,downloaded,C:\Users\Shukla\AppData\Local\Temp\nifty200-pit-security-master\data\raw\nifty200_pit_public_sources\press_releases\candidates\ind_prs22042021.pdf,PASS,150728
https://www.niftyindices.com/Press_Release/ind_prs10032021.pdf,A1,downloaded,C:\Users\Shukla\AppData\Local\Temp\nifty200-pit-security-master\data\raw\nifty200_pit_public_sources\press_releases\candidates\ind_prs10032021.pdf,PASS,181433
https://www.niftyindices.com/Press_Release/ind_prs23022021.pdf,A1,downloaded,C:\Users\Shukla\AppData\Local\Temp\nifty200-pit-security-master\data\raw\nifty200_pit_public_sources\press_releases\candidates\ind_prs23022021.pdf,PASS,1086975
https://www.niftyindices.com/Press_Release/ind_prs11122020.pdf,A1,downloaded,C:\Users\Shukla\AppData\Local\Temp\nifty200-pit-security-master\data\raw\nifty200_pit_public_sources\press_releases\candidates\ind_prs11122020.pdf,PASS,228314
https://www.niftyindices.com/Press_Release/ind_prs18112020.pdf,A1,downloaded,C:\Users\Shukla\AppData\Local\Temp\nifty200-pit-security-master\data\raw\nifty200_pit_public_sources\press_releases\candidates\ind_prs18112020.pdf,PASS,147595
https://www.niftyindices.com/Press_Release/ind_prs26102020.pdf,A1,downloaded,C:\Users\Shukla\AppData\Local\Temp\nifty200-pit-security-master\data\raw\nifty200_pit_public_sources\press_releases\candidates\ind_prs26102020.pdf,PASS,393547
https://www.niftyindices.com/Press_Release/ind_prs30092020.pdf,A1,downloaded,C:\Users\Shukla\AppData\Local\Temp\nifty200-pit-security-master\data\raw\nifty200_pit_public_sources\press_releases\candidates\ind_prs30092020.pdf,PASS,164603
https://www.niftyindices.com/Press_Release/ind_prs07092020.pdf,A1,downloaded,C:\Users\Shukla\AppData\Local\Temp\nifty200-pit-security-master\data\raw\nifty200_pit_public_sources\press_releases\candidates\ind_prs07092020.pdf,PASS,227075
https://www.niftyindices.com/Press_Release/ind_prs20082020.pdf,A1,downloaded,C:\Users\Shukla\AppData\Local\Temp\nifty200-pit-security-master\data\raw\nifty200_pit_public_sources\press_releases\candidates\ind_prs20082020.pdf,PASS,383080
https://www.niftyindices.com/Press_Release/ind_prs02072020_1.pdf,A1,downloaded,C:\Users\Shukla\AppData\Local\Temp\nifty200-pit-security-master\data\raw\nifty200_pit_public_sources\press_releases\candidates\ind_prs02072020_1.pdf,PASS,498688
https://www.niftyindices.com/Press_Release/ind_prs10062020.pdf,A1,downloaded,C:\Users\Shukla\AppData\Local\Temp\nifty200-pit-security-master\data\raw\nifty200_pit_public_sources\press_releases\candidates\ind_prs10062020.pdf,PASS,782320
https://www.niftyindices.com/Press_Release/ind_prs19032020.pdf,A1,downloaded,C:\Users\Shukla\AppData\Local\Temp\nifty200-pit-security-master\data\raw\nifty200_pit_public_sources\press_releases\candidates\ind_prs19032020.pdf,PASS,439423
https://www.niftyindices.com/Press_Release/ind_prs16032020.pdf,A1,downloaded,C:\Users\Shukla\AppData\Local\Temp\nifty200-pit-security-master\data\raw\nifty200_pit_public_sources\press_releases\candidates\ind_prs16032020.pdf,PASS,686103
https://www.niftyindices.com/Press_Release/ind_prs12032020.pdf,A1,downloaded,C:\Users\Shukla\AppData\Local\Temp\nifty200-pit-security-master\data\raw\nifty200_pit_public_sources\press_releases\candidates\ind_prs12032020.pdf,PASS,671579
https://www.niftyindices.com/Press_Release/ind_prs18022020.pdf,A1,downloaded,C:\Users\Shukla\AppData\Local\Temp\nifty200-pit-security-master\data\raw\nifty200_pit_public_sources\press_releases\candidates\ind_prs18022020.pdf,PASS,388872
https://www.niftyindices.com/Press_Release/ind_prs09012020.pdf,A1,downloaded,C:\Users\Shukla\AppData\Local\Temp\nifty200-pit-security-master\data\raw\nifty200_pit_public_sources\press_releases\candidates\ind_prs09012020.pdf,PASS,75585
https://www.niftyindices.com/Press_Release/ind_prs19122019.pdf,A1,downloaded,C:\Users\Shukla\AppData\Local\Temp\nifty200-pit-security-master\data\raw\nifty200_pit_public_sources\press_releases\candidates\ind_prs19122019.pdf,PASS,162158
https://www.niftyindices.com/Press_Release/ind_prs18122019.pdf,A1,downloaded,C:\Users\Shukla\AppData\Local\Temp\nifty200-pit-security-master\data\raw\nifty200_pit_public_sources\press_releases\candidates\ind_prs18122019.pdf,PASS,160827
https://www.niftyindices.com/Press_Release/ind_prs17092019.pdf,A1,downloaded,C:\Users\Shukla\AppData\Local\Temp\nifty200-pit-security-master\data\raw\nifty200_pit_public_sources\press_releases\candidates\ind_prs17092019.pdf,PASS,223816
https://www.niftyindices.com/Press_Release/ind_prs17092019_1.pdf,A1,downloaded,C:\Users\Shukla\AppData\Local\Temp\nifty200-pit-security-master\data\raw\nifty200_pit_public_sources\press_releases\candidates\ind_prs17092019_1.pdf,PASS,155273
https://www.niftyindices.com/Press_Release/ind_prs28082019.pdf,A1,downloaded,C:\Users\Shukla\AppData\Local\Temp\nifty200-pit-security-master\data\raw\nifty200_pit_public_sources\press_releases\candidates\ind_prs28082019.pdf,PASS,383239
https://www.niftyindices.com/Press_Release/ind_prs20082019.pdf,A1,downloaded,C:\Users\Shukla\AppData\Local\Temp\nifty200-pit-security-master\data\raw\nifty200_pit_public_sources\press_releases\candidates\ind_prs20082019.pdf,PASS,129879
https://www.niftyindices.com/Press_Release/ind_prs13062019.pdf,A1,downloaded,C:\Users\Shukla\AppData\Local\Temp\nifty200-pit-security-master\data\raw\nifty200_pit_public_sources\press_releases\candidates\ind_prs13062019.pdf,PASS,255072
https://www.niftyindices.com/Press_Release/ind_prs08042019.pdf,A1,downloaded,C:\Users\Shukla\AppData\Local\Temp\nifty200-pit-security-master\data\raw\nifty200_pit_public_sources\press_releases\candidates\ind_prs08042019.pdf,PASS,142412
https://www.niftyindices.com/Press_Release/ind_prs25022019.pdf,A1,downloaded,C:\Users\Shukla\AppData\Local\Temp\nifty200-pit-security-master\data\raw\nifty200_pit_public_sources\press_releases\candidates\ind_prs25022019.pdf,PASS,485706
https://www.niftyindices.com/Press_Release/ind_prs21012019.pdf,A1,downloaded,C:\Users\Shukla\AppData\Local\Temp\nifty200-pit-security-master\data\raw\nifty200_pit_public_sources\press_releases\candidates\ind_prs21012019.pdf,PASS,252308
https://www.niftyindices.com/Press_Release/ind_prs14122018.pdf,A1,downloaded,C:\Users\Shukla\AppData\Local\Temp\nifty200-pit-security-master\data\raw\nifty200_pit_public_sources\press_releases\candidates\ind_prs14122018.pdf,PASS,799868
https://www.niftyindices.com/Press_Release/ind_prs31082018.pdf,A1,downloaded,C:\Users\Shukla\AppData\Local\Temp\nifty200-pit-security-master\data\raw\nifty200_pit_public_sources\press_releases\candidates\ind_prs31082018.pdf,PASS,268836
https://www.niftyindices.com/Press_Release/ind_prs28082018.pdf,A1,downloaded,C:\Users\Shukla\AppData\Local\Temp\nifty200-pit-security-master\data\raw\nifty200_pit_public_sources\press_releases\candidates\ind_prs28082018.pdf,PASS,604193
https://www.niftyindices.com/Press_Release/ind_prs01082018.pdf,A1,downloaded,C:\Users\Shukla\AppData\Local\Temp\nifty200-pit-security-master\data\raw\nifty200_pit_public_sources\press_releases\candidates\ind_prs01082018.pdf,PASS,167864
https://www.niftyindices.com/Press_Release/ind_prs20062018.pdf,A1,downloaded,C:\Users\Shukla\AppData\Local\Temp\nifty200-pit-security-master\data\raw\nifty200_pit_public_sources\press_releases\candidates\ind_prs20062018.pdf,PASS,230213
https://www.niftyindices.com/Press_Release/ind_prs15062018.pdf,A1,downloaded,C:\Users\Shukla\AppData\Local\Temp\nifty200-pit-security-master\data\raw\nifty200_pit_public_sources\press_releases\candidates\ind_prs15062018.pdf,PASS,326021
https://www.niftyindices.com/Press_Release/ind_prs24052018.pdf,A1,downloaded,C:\Users\Shukla\AppData\Local\Temp\nifty200-pit-security-master\data\raw\nifty200_pit_public_sources\press_releases\candidates\ind_prs24052018.pdf,PASS,270915
https://www.niftyindices.com/Press_Release/ind_prs06032018.pdf,A1,downloaded,C:\Users\Shukla\AppData\Local\Temp\nifty200-pit-security-master\data\raw\nifty200_pit_public_sources\press_releases\candidates\ind_prs06032018.pdf,PASS,206745
https://www.niftyindices.com/Press_Release/ind_prs21022018.pdf,A1,downloaded,C:\Users\Shukla\AppData\Local\Temp\nifty200-pit-security-master\data\raw\nifty200_pit_public_sources\press_releases\candidates\ind_prs21022018.pdf,PASS,575624
https://www.niftyindices.com/Press_Release/ind_prs08012018.pdf,A1,downloaded,C:\Users\Shukla\AppData\Local\Temp\nifty200-pit-security-master\data\raw\nifty200_pit_public_sources\press_releases\candidates\ind_prs08012018.pdf,PASS,276399
https://www.niftyindices.com/Press_Release/ind_prs18122017.pdf,A1,downloaded,C:\Users\Shukla\AppData\Local\Temp\nifty200-pit-security-master\data\raw\nifty200_pit_public_sources\press_releases\candidates\ind_prs18122017.pdf,PASS,335422
https://www.niftyindices.com/Press_Release/ind_prs10112017.pdf,A1,downloaded,C:\Users\Shukla\AppData\Local\Temp\nifty200-pit-security-master\data\raw\nifty200_pit_public_sources\press_releases\candidates\ind_prs10112017.pdf,PASS,145998
https://www.niftyindices.com/Press_Release/ind_prs03112017.pdf,A1,downloaded,C:\Users\Shukla\AppData\Local\Temp\nifty200-pit-security-master\data\raw\nifty200_pit_public_sources\press_releases\candidates\ind_prs03112017.pdf,PASS,156034
https://www.niftyindices.com/Press_Release/ind_prs16102017.pdf,A1,downloaded,C:\Users\Shukla\AppData\Local\Temp\nifty200-pit-security-master\data\raw\nifty200_pit_public_sources\press_releases\candidates\ind_prs16102017.pdf,PASS,154686
https://www.niftyindices.com/Press_Release/ind_prs29082017.pdf,A1,downloaded,C:\Users\Shukla\AppData\Local\Temp\nifty200-pit-security-master\data\raw\nifty200_pit_public_sources\press_releases\candidates\ind_prs29082017.pdf,PASS,164220
https://www.niftyindices.com/Press_Release/ind_prs28082017.pdf,A1,downloaded,C:\Users\Shukla\AppData\Local\Temp\nifty200-pit-security-master\data\raw\nifty200_pit_public_sources\press_releases\candidates\ind_prs28082017.pdf,PASS,378637
https://www.niftyindices.com/Press_Release/ind_prs15062017.pdf,A1,downloaded,C:\Users\Shukla\AppData\Local\Temp\nifty200-pit-security-master\data\raw\nifty200_pit_public_sources\press_releases\candidates\ind_prs15062017.pdf,PASS,156064
https://www.niftyindices.com/Press_Release/ind_prs09052017.pdf,A1,downloaded,C:\Users\Shukla\AppData\Local\Temp\nifty200-pit-security-master\data\raw\nifty200_pit_public_sources\press_releases\candidates\ind_prs09052017.pdf,PASS,171569
https://www.niftyindices.com/Press_Release/ind_prs27042017.pdf,A1,downloaded,C:\Users\Shukla\AppData\Local\Temp\nifty200-pit-security-master\data\raw\nifty200_pit_public_sources\press_releases\candidates\ind_prs27042017.pdf,PASS,161532
https://www.niftyindices.com/Press_Release/ind_prs07032017.pdf,A1,downloaded,C:\Users\Shukla\AppData\Local\Temp\nifty200-pit-security-master\data\raw\nifty200_pit_public_sources\press_releases\candidates\ind_prs07032017.pdf,PASS,187910
https://www.niftyindices.com/Press_Release/ind_prs16022017.pdf,A1,downloaded,C:\Users\Shukla\AppData\Local\Temp\nifty200-pit-security-master\data\raw\nifty200_pit_public_sources\press_releases\candidates\ind_prs16022017.pdf,PASS,615299
https://www.niftyindices.com/Press_Release/ind_prs16012017.pdf,A1,downloaded,C:\Users\Shukla\AppData\Local\Temp\nifty200-pit-security-master\data\raw\nifty200_pit_public_sources\press_releases\candidates\ind_prs16012017.pdf,PASS,176015
https://www.niftyindices.com/Press_Release/ind_prs03012017.pdf,A1,downloaded,C:\Users\Shukla\AppData\Local\Temp\nifty200-pit-security-master\data\raw\nifty200_pit_public_sources\press_releases\candidates\ind_prs03012017.pdf,PASS,242018
https://www.niftyindices.com/Press_Release/ind_prs17102016.pdf,A1,downloaded,C:\Users\Shukla\AppData\Local\Temp\nifty200-pit-security-master\data\raw\nifty200_pit_public_sources\press_releases\candidates\ind_prs17102016.pdf,PASS,152583
https://www.niftyindices.com/Press_Release/ind_prs12082016.pdf,A1,downloaded,C:\Users\Shukla\AppData\Local\Temp\nifty200-pit-security-master\data\raw\nifty200_pit_public_sources\press_releases\candidates\ind_prs12082016.pdf,PASS,286768
https://www.niftyindices.com/Press_Release/ind_prs18072016.pdf,A1,downloaded,C:\Users\Shukla\AppData\Local\Temp\nifty200-pit-security-master\data\raw\nifty200_pit_public_sources\press_releases\candidates\ind_prs18072016.pdf,PASS,181808
https://www.niftyindices.com/Press_Release/ind_prs22042016.pdf,A1,downloaded,C:\Users\Shukla\AppData\Local\Temp\nifty200-pit-security-master\data\raw\nifty200_pit_public_sources\press_releases\candidates\ind_prs22042016.pdf,PASS,177437
https://www.niftyindices.com/Press_Release/ind_prs22022016_2.pdf,A1,downloaded,C:\Users\Shukla\AppData\Local\Temp\nifty200-pit-security-master\data\raw\nifty200_pit_public_sources\press_releases\candidates\ind_prs22022016_2.pdf,PASS,286822
https://www.niftyindices.com/Press_Release/ind_prs11012016.pdf,A1,downloaded,C:\Users\Shukla\AppData\Local\Temp\nifty200-pit-security-master\data\raw\nifty200_pit_public_sources\press_releases\candidates\ind_prs11012016.pdf,PASS,89094
https://www.niftyindices.com/Press_Release/ind_prs18092015.pdf,A1,downloaded,C:\Users\Shukla\AppData\Local\Temp\nifty200-pit-security-master\data\raw\nifty200_pit_public_sources\press_releases\candidates\ind_prs18092015.pdf,PASS,37254
https://www.niftyindices.com/Press_Release/ind_prs24082015.pdf,A1,downloaded,C:\Users\Shukla\AppData\Local\Temp\nifty200-pit-security-master\data\raw\nifty200_pit_public_sources\press_releases\candidates\ind_prs24082015.pdf,PASS,95391
https://www.niftyindices.com/Press_Release/ind_prs12082015.pdf,A1,downloaded,C:\Users\Shukla\AppData\Local\Temp\nifty200-pit-security-master\data\raw\nifty200_pit_public_sources\press_releases\candidates\ind_prs12082015.pdf,PASS,174027
https://www.niftyindices.com/Press_Release/ind_prs29042015.pdf,A1,downloaded,C:\Users\Shukla\AppData\Local\Temp\nifty200-pit-security-master\data\raw\nifty200_pit_public_sources\press_releases\candidates\ind_prs29042015.pdf,PASS,29895
https://www.niftyindices.com/Press_Release/ind_prs18032015_2.pdf,A1,downloaded,C:\Users\Shukla\AppData\Local\Temp\nifty200-pit-security-master\data\raw\nifty200_pit_public_sources\press_releases\candidates\ind_prs18032015_2.pdf,PASS,24107
https://www.niftyindices.com/Press_Release/ind_prs20022015.pdf,A1,downloaded,C:\Users\Shukla\AppData\Local\Temp\nifty200-pit-security-master\data\raw\nifty200_pit_public_sources\press_releases\candidates\ind_prs20022015.pdf,PASS,59177
https://www.niftyindices.com/Press_Release/ind_prs23012015.pdf,A1,downloaded,C:\Users\Shukla\AppData\Local\Temp\nifty200-pit-security-master\data\raw\nifty200_pit_public_sources\press_releases\candidates\ind_prs23012015.pdf,PASS,19116
https://www.niftyindices.com/Press_Release/ind_prs21012015.pdf,A1,downloaded,C:\Users\Shukla\AppData\Local\Temp\nifty200-pit-security-master\data\raw\nifty200_pit_public_sources\press_releases\candidates\ind_prs21012015.pdf,PASS,26138
https://www.niftyindices.com/Press_Release/ind_prs18112014.pdf,A1,downloaded,C:\Users\Shukla\AppData\Local\Temp\nifty200-pit-security-master\data\raw\nifty200_pit_public_sources\press_releases\candidates\ind_prs18112014.pdf,PASS,23476
https://www.niftyindices.com/Press_Release/ind_prs26082014.pdf,A1,downloaded,C:\Users\Shukla\AppData\Local\Temp\nifty200-pit-security-master\data\raw\nifty200_pit_public_sources\press_releases\candidates\ind_prs26082014.pdf,PASS,37701
https://www.niftyindices.com/Press_Release/ind_prs20082014.pdf,A1,downloaded,C:\Users\Shukla\AppData\Local\Temp\nifty200-pit-security-master\data\raw\nifty200_pit_public_sources\press_releases\candidates\ind_prs20082014.pdf,PASS,65954
https://www.niftyindices.com/Press_Release/ind_prs27022014.pdf,A1,downloaded,C:\Users\Shukla\AppData\Local\Temp\nifty200-pit-security-master\data\raw\nifty200_pit_public_sources\press_releases\candidates\ind_prs27022014.pdf,PASS,60861
https://www.niftyindices.com/Press_Release/ind_prs21022014.pdf,A1,downloaded,C:\Users\Shukla\AppData\Local\Temp\nifty200-pit-security-master\data\raw\nifty200_pit_public_sources\press_releases\candidates\ind_prs21022014.pdf,PASS,23253
https://www.niftyindices.com/Press_Release/ind_prs07012013.pdf,A1,downloaded,C:\Users\Shukla\AppData\Local\Temp\nifty200-pit-security-master\data\raw\nifty200_pit_public_sources\press_releases\candidates\ind_prs07012013.pdf,PASS,28763
https://www.niftyindices.com/Press_Release/ind_prs07112013.pdf,A1,downloaded,C:\Users\Shukla\AppData\Local\Temp\nifty200-pit-security-master\data\raw\nifty200_pit_public_sources\press_releases\candidates\ind_prs07112013.pdf,PASS,21289
https://www.niftyindices.com/Press_Release/ind_prs29102013.pdf,A1,downloaded,C:\Users\Shukla\AppData\Local\Temp\nifty200-pit-security-master\data\raw\nifty200_pit_public_sources\press_releases\candidates\ind_prs29102013.pdf,PASS,26246
https://www.niftyindices.com/Press_Release/ind_prs27082013.pdf,A1,downloaded,C:\Users\Shukla\AppData\Local\Temp\nifty200-pit-security-master\data\raw\nifty200_pit_public_sources\press_releases\candidates\ind_prs27082013.pdf,PASS,53412
https://www.niftyindices.com/Press_Release/ind_prs02072013.pdf,A1,downloaded,C:\Users\Shukla\AppData\Local\Temp\nifty200-pit-security-master\data\raw\nifty200_pit_public_sources\press_releases\candidates\ind_prs02072013.pdf,PASS,28465
https://www.niftyindices.com/Press_Release/ind_prs11042013.pdf,A1,downloaded,C:\Users\Shukla\AppData\Local\Temp\nifty200-pit-security-master\data\raw\nifty200_pit_public_sources\press_releases\candidates\ind_prs11042013.pdf,PASS,23318
https://www.niftyindices.com/Press_Release/ind_prs04042013.pdf,A1,downloaded,C:\Users\Shukla\AppData\Local\Temp\nifty200-pit-security-master\data\raw\nifty200_pit_public_sources\press_releases\candidates\ind_prs04042013.pdf,PASS,24469
https://www.niftyindices.com/Press_Release/ind_prs15032013.pdf,A1,downloaded,C:\Users\Shukla\AppData\Local\Temp\nifty200-pit-security-master\data\raw\nifty200_pit_public_sources\press_releases\candidates\ind_prs15032013.pdf,PASS,19738
https://www.niftyindices.com/Press_Release/ind_prs13022013.pdf,A1,downloaded,C:\Users\Shukla\AppData\Local\Temp\nifty200-pit-security-master\data\raw\nifty200_pit_public_sources\press_releases\candidates\ind_prs13022013.pdf,PASS,109438
https://www.niftyindices.com/Press_Release/ind_prs16082012.pdf,A1,downloaded,C:\Users\Shukla\AppData\Local\Temp\nifty200-pit-security-master\data\raw\nifty200_pit_public_sources\press_releases\candidates\ind_prs16082012.pdf,PASS,68566
https://www.niftyindices.com/Press_Release/ind_prs16052012.pdf,A1,downloaded,C:\Users\Shukla\AppData\Local\Temp\nifty200-pit-security-master\data\raw\nifty200_pit_public_sources\press_releases\candidates\ind_prs16052012.pdf,PASS,20893
https://www.niftyindices.com/Press_Release/ind_prs04042012.pdf,A1,downloaded,C:\Users\Shukla\AppData\Local\Temp\nifty200-pit-security-master\data\raw\nifty200_pit_public_sources\press_releases\candidates\ind_prs04042012.pdf,PASS,14379
https://www.niftyindices.com/Press_Release/ind_prs14032012.pdf,A1,downloaded,C:\Users\Shukla\AppData\Local\Temp\nifty200-pit-security-master\data\raw\nifty200_pit_public_sources\press_releases\candidates\ind_prs14032012.pdf,PASS,65092
https://www.niftyindices.com/Press_Release/ind_prs29022012.pdf,A1,downloaded,C:\Users\Shukla\AppData\Local\Temp\nifty200-pit-security-master\data\raw\nifty200_pit_public_sources\press_releases\candidates\ind_prs29022012.pdf,PASS,16223
https://www.niftyindices.com/Press_Release/ind_prs13012012.pdf,A1,downloaded,C:\Users\Shukla\AppData\Local\Temp\nifty200-pit-security-master\data\raw\nifty200_pit_public_sources\press_releases\candidates\ind_prs13012012.pdf,PASS,8228
https://www.niftyindices.com/Press_Release/ind_prs12122011.pdf,A1,downloaded,C:\Users\Shukla\AppData\Local\Temp\nifty200-pit-security-master\data\raw\nifty200_pit_public_sources\press_releases\candidates\ind_prs12122011.pdf,PASS,15069
https://www.niftyindices.com/Press_Release/ind_prs01122011.pdf,A1,downloaded,C:\Users\Shukla\AppData\Local\Temp\nifty200-pit-security-master\data\raw\nifty200_pit_public_sources\press_releases\candidates\ind_prs01122011.pdf,PASS,22576
https://www.niftyindices.com/Press_Release/ind_prs17112011.pdf,A1,downloaded,C:\Users\Shukla\AppData\Local\Temp\nifty200-pit-security-master\data\raw\nifty200_pit_public_sources\press_releases\candidates\ind_prs17112011.pdf,PASS,17814
https://www.niftyindices.com/Press_Release/ind_prs25082011.pdf,A1,downloaded,C:\Users\Shukla\AppData\Local\Temp\nifty200-pit-security-master\data\raw\nifty200_pit_public_sources\press_releases\candidates\ind_prs25082011.pdf,PASS,92240
https://www.niftyindices.com/Press_Release/ind_prs18072011.pdf,A1,downloaded,C:\Users\Shukla\AppData\Local\Temp\nifty200-pit-security-master\data\raw\nifty200_pit_public_sources\press_releases\candidates\ind_prs18072011.pdf,PASS,45645
https://www.niftyindices.com/Press_Release/ind_prs27042011.pdf,A1,downloaded,C:\Users\Shukla\AppData\Local\Temp\nifty200-pit-security-master\data\raw\nifty200_pit_public_sources\press_releases\candidates\ind_prs27042011.pdf,PASS,20304
https://www.niftyindices.com/Press_Release/ind_prs19042011.pdf,A1,downloaded,C:\Users\Shukla\AppData\Local\Temp\nifty200-pit-security-master\data\raw\nifty200_pit_public_sources\press_releases\candidates\ind_prs19042011.pdf,PASS,24520
https://www.niftyindices.com/Press_Release/ind_prs17032011.pdf,A1,downloaded,C:\Users\Shukla\AppData\Local\Temp\nifty200-pit-security-master\data\raw\nifty200_pit_public_sources\press_releases\candidates\ind_prs17032011.pdf,PASS,26604
https://www.niftyindices.com/Press_Release/ind_prs10022011.pdf,A1,downloaded,C:\Users\Shukla\AppData\Local\Temp\nifty200-pit-security-master\data\raw\nifty200_pit_public_sources\press_releases\candidates\ind_prs10022011.pdf,PASS,65700
https://www.niftyindices.com/Press_Release/ind_prs22112010.pdf,A1,downloaded,C:\Users\Shukla\AppData\Local\Temp\nifty200-pit-security-master\data\raw\nifty200_pit_public_sources\press_releases\candidates\ind_prs22112010.pdf,PASS,21855
https://www.niftyindices.com/Press_Release/ind_prs01102010.pdf,A1,downloaded,C:\Users\Shukla\AppData\Local\Temp\nifty200-pit-security-master\data\raw\nifty200_pit_public_sources\press_releases\candidates\ind_prs01102010.pdf,PASS,27463
https://www.niftyindices.com/Press_Release/ind_prs16092010.pdf,A1,downloaded,C:\Users\Shukla\AppData\Local\Temp\nifty200-pit-security-master\data\raw\nifty200_pit_public_sources\press_releases\candidates\ind_prs16092010.pdf,PASS,8361
https://www.niftyindices.com/Press_Release/ind_prs18082010.pdf,A1,downloaded,C:\Users\Shukla\AppData\Local\Temp\nifty200-pit-security-master\data\raw\nifty200_pit_public_sources\press_releases\candidates\ind_prs18082010.pdf,PASS,28366
https://www.niftyindices.com/Press_Release/ind_prs20052010.pdf,A1,downloaded,C:\Users\Shukla\AppData\Local\Temp\nifty200-pit-security-master\data\raw\nifty200_pit_public_sources\press_releases\candidates\ind_prs20052010.pdf,PASS,27330
https://www.niftyindices.com/Press_Release/ind_prs12042010.pdf,A1,downloaded,C:\Users\Shukla\AppData\Local\Temp\nifty200-pit-security-master\data\raw\nifty200_pit_public_sources\press_releases\candidates\ind_prs12042010.pdf,PASS,28457
https://www.niftyindices.com/Press_Release/ind_prs05042010.pdf,A1,downloaded,C:\Users\Shukla\AppData\Local\Temp\nifty200-pit-security-master\data\raw\nifty200_pit_public_sources\press_releases\candidates\ind_prs05042010.pdf,PASS,27194
https://www.niftyindices.com/Press_Release/ind_prs04032010.pdf,A1,downloaded,C:\Users\Shukla\AppData\Local\Temp\nifty200-pit-security-master\data\raw\nifty200_pit_public_sources\press_releases\candidates\ind_prs04032010.pdf,PASS,28315
https://www.niftyindices.com/Press_Release/ind_prs24022010.pdf,A1,downloaded,C:\Users\Shukla\AppData\Local\Temp\nifty200-pit-security-master\data\raw\nifty200_pit_public_sources\press_releases\candidates\ind_prs24022010.pdf,PASS,76947
https://www.niftyindices.com/Press_Release/ind_prs04092009.pdf,A1,downloaded,C:\Users\Shukla\AppData\Local\Temp\nifty200-pit-security-master\data\raw\nifty200_pit_public_sources\press_releases\candidates\ind_prs04092009.pdf,PASS,84158
https://www.niftyindices.com/Press_Release/ind_prs19052009.pdf,A1,downloaded,C:\Users\Shukla\AppData\Local\Temp\nifty200-pit-security-master\data\raw\nifty200_pit_public_sources\press_releases\candidates\ind_prs19052009.pdf,PASS,70279
https://www.niftyindices.com/Press_Release/ind_prs10022009.pdf,A1,downloaded,C:\Users\Shukla\AppData\Local\Temp\nifty200-pit-security-master\data\raw\nifty200_pit_public_sources\press_releases\candidates\ind_prs10022009.pdf,PASS,26691
https://www.niftyindices.com/Press_Release/ind_prs07012009.pdf,A1,downloaded,C:\Users\Shukla\AppData\Local\Temp\nifty200-pit-security-master\data\raw\nifty200_pit_public_sources\press_releases\candidates\ind_prs07012009.pdf,PASS,17809
https://www.niftyindices.com/Press_Release/ind_prs31102008.pdf,A1,downloaded,C:\Users\Shukla\AppData\Local\Temp\nifty200-pit-security-master\data\raw\nifty200_pit_public_sources\press_releases\candidates\ind_prs31102008.pdf,PASS,13640
https://www.niftyindices.com/Press_Release/ind_prs29072008.pdf,A1,downloaded,C:\Users\Shukla\AppData\Local\Temp\nifty200-pit-security-master\data\raw\nifty200_pit_public_sources\press_releases\candidates\ind_prs29072008.pdf,PASS,29343
https://www.niftyindices.com/Press_Release/ind_prs09052008.pdf,A1,downloaded,C:\Users\Shukla\AppData\Local\Temp\nifty200-pit-security-master\data\raw\nifty200_pit_public_sources\press_releases\candidates\ind_prs09052008.pdf,PASS,14618
https://www.niftyindices.com/Press_Release/ind_prs26022008.pdf,A1,downloaded,C:\Users\Shukla\AppData\Local\Temp\nifty200-pit-security-master\data\raw\nifty200_pit_public_sources\press_releases\candidates\ind_prs26022008.pdf,PASS,15079
https://www.niftyindices.com/Press_Release/ind_prs11022008.pdf,A1,downloaded,C:\Users\Shukla\AppData\Local\Temp\nifty200-pit-security-master\data\raw\nifty200_pit_public_sources\press_releases\candidates\ind_prs11022008.pdf,PASS,14600
https://www.niftyindices.com/Press_Release/ind_prs31012008_2.pdf,A1,downloaded,C:\Users\Shukla\AppData\Local\Temp\nifty200-pit-security-master\data\raw\nifty200_pit_public_sources\press_releases\candidates\ind_prs31012008_2.pdf,PASS,21217
https://www.niftyindices.com/Press_Release/ind_prs31012008_1.pdf,A1,downloaded,C:\Users\Shukla\AppData\Local\Temp\nifty200-pit-security-master\data\raw\nifty200_pit_public_sources\press_releases\candidates\ind_prs31012008_1.pdf,PASS,17467
https://www.niftyindices.com/Press_Release/ind_prs27112007.pdf,A1,downloaded,C:\Users\Shukla\AppData\Local\Temp\nifty200-pit-security-master\data\raw\nifty200_pit_public_sources\press_releases\candidates\ind_prs27112007.pdf,PASS,14489
https://www.niftyindices.com/Press_Release/ind_prs08112007.pdf,A1,downloaded,C:\Users\Shukla\AppData\Local\Temp\nifty200-pit-security-master\data\raw\nifty200_pit_public_sources\press_releases\candidates\ind_prs08112007.pdf,PASS,17084
https://www.niftyindices.com/Press_Release/ind_prs12092007.pdf,A1,downloaded,C:\Users\Shukla\AppData\Local\Temp\nifty200-pit-security-master\data\raw\nifty200_pit_public_sources\press_releases\candidates\ind_prs12092007.pdf,PASS,16911
https://www.niftyindices.com/Press_Release/ind_prs17052007.pdf,A1,downloaded,C:\Users\Shukla\AppData\Local\Temp\nifty200-pit-security-master\data\raw\nifty200_pit_public_sources\press_releases\candidates\ind_prs17052007.pdf,PASS,14365
https://www.niftyindices.com/Press_Release/ind_prs26042007.pdf,A1,downloaded,C:\Users\Shukla\AppData\Local\Temp\nifty200-pit-security-master\data\raw\nifty200_pit_public_sources\press_releases\candidates\ind_prs26042007.pdf,PASS,11791
https://www.niftyindices.com/Press_Release/ind_prs22032007.pdf,A1,downloaded,C:\Users\Shukla\AppData\Local\Temp\nifty200-pit-security-master\data\raw\nifty200_pit_public_sources\press_releases\candidates\ind_prs22032007.pdf,PASS,15435
https://www.niftyindices.com/Press_Release/ind_prs13032007.pdf,A1,downloaded,C:\Users\Shukla\AppData\Local\Temp\nifty200-pit-security-master\data\raw\nifty200_pit_public_sources\press_releases\candidates\ind_prs13032007.pdf,PASS,13649
https://www.niftyindices.com/Press_Release/ind_prs05032007.pdf,A1,downloaded,C:\Users\Shukla\AppData\Local\Temp\nifty200-pit-security-master\data\raw\nifty200_pit_public_sources\press_releases\candidates\ind_prs05032007.pdf,PASS,13680
https://www.niftyindices.com/Press_Release/ind_prs20022007.pdf,A1,downloaded,C:\Users\Shukla\AppData\Local\Temp\nifty200-pit-security-master\data\raw\nifty200_pit_public_sources\press_releases\candidates\ind_prs20022007.pdf,PASS,41460
https://www.niftyindices.com/Press_Release/ind_prs23012007.pdf,A1,downloaded,C:\Users\Shukla\AppData\Local\Temp\nifty200-pit-security-master\data\raw\nifty200_pit_public_sources\press_releases\candidates\ind_prs23012007.pdf,PASS,13909
https://www.niftyindices.com/Press_Release/ind_prs12122006.pdf,A1,downloaded,C:\Users\Shukla\AppData\Local\Temp\nifty200-pit-security-master\data\raw\nifty200_pit_public_sources\press_releases\candidates\ind_prs12122006.pdf,PASS,66141
https://www.niftyindices.com/Press_Release/ind_prs16112006.pdf,A1,downloaded,C:\Users\Shukla\AppData\Local\Temp\nifty200-pit-security-master\data\raw\nifty200_pit_public_sources\press_releases\candidates\ind_prs16112006.pdf,PASS,66035
https://www.niftyindices.com/Press_Release/ind_prs03112006.pdf,A1,downloaded,C:\Users\Shukla\AppData\Local\Temp\nifty200-pit-security-master\data\raw\nifty200_pit_public_sources\press_releases\candidates\ind_prs03112006.pdf,PASS,72369
https://www.niftyindices.com/Press_Release/ind_prs08092006_1.pdf,A1,downloaded,C:\Users\Shukla\AppData\Local\Temp\nifty200-pit-security-master\data\raw\nifty200_pit_public_sources\press_releases\candidates\ind_prs08092006_1.pdf,PASS,72452
https://www.niftyindices.com/Press_Release/ind_prs20072006_2.pdf,A1,downloaded,C:\Users\Shukla\AppData\Local\Temp\nifty200-pit-security-master\data\raw\nifty200_pit_public_sources\press_releases\candidates\ind_prs20072006_2.pdf,PASS,66098
https://www.niftyindices.com/Press_Release/ind_prs20072006_1.pdf,A1,downloaded,C:\Users\Shukla\AppData\Local\Temp\nifty200-pit-security-master\data\raw\nifty200_pit_public_sources\press_releases\candidates\ind_prs20072006_1.pdf,PASS,72277
https://raw.githubusercontent.com/deshpanda/nse-screener-data/main/reconstitution/events.parquet,B1,downloaded,C:\Users\Shukla\AppData\Local\Temp\nifty200-pit-security-master\data\raw\nifty200_pit_public_sources\challengers\deshpanda_nse_screener_reconstitution_events.parquet,PASS,120280
https://archives.nseindia.com/content/equities/EQUITY_L.csv,A1,downloaded,C:\Users\Shukla\AppData\Local\Temp\nifty200-pit-security-master\data\raw\nifty200_pit_public_sources\raw\90\9002e14e0ed653c70f49710e4c77e83dc8b62d450ab2052a58783d8ce575d105.csv,PASS,181324
https://archives.nseindia.com/content/equities/EQUITY_L.csv,A1,downloaded,C:\Users\Shukla\AppData\Local\Temp\nifty200-pit-security-master\data\raw\nifty200_pit_public_sources\raw\cb\cba7cbaa0b2320d1d3fda70f3339f05d457ae71276658ee9eae5e9a1f39dc851.csv,PASS,181324
https://nsearchives.nseindia.com/content/equities/symbolchange.csv,A1,downloaded,C:\Users\Shukla\AppData\Local\Temp\nifty200-pit-security-master\data\raw\nifty200_pit_public_sources\raw\64\647cb988b3957e948b2847d740490ab340db5ecbc4b6195d0ed6ffe8180f0280.csv,PASS,68765
http://nseindia.com/content/equities/EQUITY_L.csv,A2,downloaded,C:\Users\Shukla\AppData\Local\Temp\nifty200-pit-security-master\data\raw\nifty200_pit_public_sources\raw\c1\c1b9cb0b8404070bee7a01a4824972d5913bb348cf082aff8344de1513a32067.csv,PASS,104682
https://web.archive.org/web/20170704082238id_/https://www.nseindia.com/content/equities/EQUITY_L.csv,A2,downloaded,C:\Users\Shukla\AppData\Local\Temp\nifty200-pit-security-master\data\raw\nifty200_pit_public_sources\raw\40\40b03e51c40616bb14207e0066a8d9f6dcfbd0734a37adf670629a60340a4fb8.csv,PASS,112236
https://web.archive.org/web/20210516062344id_/https://archives.nseindia.com/content/equities/EQUITY_L.csv,A2,downloaded,C:\Users\Shukla\AppData\Local\Temp\nifty200-pit-security-master\data\raw\nifty200_pit_public_sources\raw\d3\d3fcd3263c62cb497dfc9327b73d121ef22cc550395d88ada1d5b5760ac42620.csv,PASS,119112
https://niftyindices.com/Press_Release/ind_prs16122019.pdf,A1,downloaded,C:\Users\Shukla\AppData\Local\Temp\nifty200-pit-security-master\data\raw\nifty200_pit_public_sources\raw\25\2525ecd8a9d22322b4f6179c67ef96c72fed484145f3ebd217159b0006af82a5.pdf,PASS,560203
https://niftyindices.com/Press_Release/ind_prs13112013.pdf,A1,downloaded,C:\Users\Shukla\AppData\Local\Temp\nifty200-pit-security-master\data\raw\nifty200_pit_public_sources\raw\53\53d167e552b4737b060ab7893db9bd63548fdb3801f884ea4f4669ad0e4f3bc5.pdf,PASS,21352
https://niftyindices.com/Press_Release/ind_prs29082017.pdf,A1,downloaded,C:\Users\Shukla\AppData\Local\Temp\nifty200-pit-security-master\data\raw\nifty200_pit_public_sources\raw\2c\2c901efcc5c3af6a8b9d353b2de9c91904bab4b40c8e68ef8540267366c46f20.pdf,PASS,164220
https://archives.nseindia.com/content/historical/EQUITIES/2016/APR/cm01APR2016bhav.csv.zip,A1,downloaded,C:\Users\Shukla\AppData\Local\Temp\nifty200-pit-security-master\data\raw\nifty200_pit_public_sources\raw\f0\f08e457cfd648d8468969945dc3ba5ad311f8c6e42c6f38f6a90642feb337413.zip,PASS,57730
https://archives.nseindia.com/content/historical/EQUITIES/2021/MAR/cm31MAR2021bhav.csv.zip,A1,downloaded,C:\Users\Shukla\AppData\Local\Temp\nifty200-pit-security-master\data\raw\nifty200_pit_public_sources\raw\79\797314c384df3fc90d1d34afaba423e3876e292df0e7a5a4d3f1a0968c7622e8.zip,PASS,74219
https://archives.nseindia.com/content/historical/EQUITIES/2020/JUN/cm26JUN2020bhav.csv.zip,A1,downloaded,C:\Users\Shukla\AppData\Local\Temp\nifty200-pit-security-master\data\raw\nifty200_pit_public_sources\raw\c4\c4c1f555bc63ccffc102e3d265ac77edcea2d15e87feae995429e9d2613f19eb.zip,PASS,69845
https://archives.nseindia.com/content/historical/EQUITIES/2020/MAR/cm27MAR2020bhav.csv.zip,A1,downloaded,C:\Users\Shukla\AppData\Local\Temp\nifty200-pit-security-master\data\raw\nifty200_pit_public_sources\raw\f6\f68e1c9c7b4d935282508238eca0c9b171691994640acdec2505513998d86385.zip,PASS,67934
https://www.niftyindices.com/Press_Release/ind_prs23032020.pdf,A1,downloaded,C:\Users\Shukla\AppData\Local\Temp\nifty200-pit-security-master\data\raw\nifty200_pit_public_sources\raw\55\55a9cd5f11b9036e274b397c1f43f607c632ccb31837339b7ac661de6037ea59.pdf,PASS,361504
https://www.niftyindices.com/Press_Release/ind_prs25032020.pdf,A1,downloaded,C:\Users\Shukla\AppData\Local\Temp\nifty200-pit-security-master\data\raw\nifty200_pit_public_sources\raw\4d\4dd3a6df4bf53b0191cfcdb8575170d2685d742f4bd1055c09643eef5d802703.pdf,PASS,358384
