checkpoint_date,source_file,source_url,source_sha256,raw_rows_extracted,unique_symbols,unique_isins,duplicate_symbols,duplicate_company_names,suspect_rows,root_cause,fix_applied,post_fix_count,status
2016-04-29,nifty200_Apr2016.pdf,https://www.niftyindices.com/Indices_-_Market_Capitalisation_and_Weightage/indices_dataApr2016.zip,85ecfe81fd09d784f824484632c36a83ae91cc549f1fa32a51140a4b0032cbeb,201,201,201,,,ZEEL,Official checkpoint contains 201 unique constituent rows; no parser-created symbol or duplicate was found. Final-row disclaimer text is attached to ZEEL.,NONE; retained fail-closed for manual count/methodology review,201,MANUAL_REVIEW_REQUIRED_SOURCE_COUNT
2016-05-31,nifty200_May2016.pdf,https://www.niftyindices.com/Indices_-_Market_Capitalisation_and_Weightage/indices_dataMay2016.zip,16620ce06f3c1a8626cdebd5132f47aee14a95a02e19a91f8af87396f937dd57,201,201,201,,,ZEEL,Official checkpoint contains 201 unique constituent rows; no parser-created symbol or duplicate was found. Final-row disclaimer text is attached to ZEEL.,NONE; retained fail-closed for manual count/methodology review,201,MANUAL_REVIEW_REQUIRED_SOURCE_COUNT
2016-06-30,nifty200_Jun2016.pdf,https://www.niftyindices.com/Indices_-_Market_Capitalisation_and_Weightage/indices_dataJun2016.zip,b0f2dc3ba02242814dc89c218959c15b2cedbd8d6c71da1c58dc349bef2f081c,201,201,201,,,ZEEL,Official checkpoint contains 201 unique constituent rows; no parser-created symbol or duplicate was found. Final-row disclaimer text is attached to ZEEL.,NONE; retained fail-closed for manual count/methodology review,201,MANUAL_REVIEW_REQUIRED_SOURCE_COUNT
2016-07-29,nifty200_Jul2016.pdf,https://www.niftyindices.com/Indices_-_Market_Capitalisation_and_Weightage/indices_dataJul2016.zip,cb0f3c78c9052e199c5733510e7028bb6f54ca2d006dcf6e4a4eefe1d4995043,201,201,201,,,ZEEL,Official checkpoint contains 201 unique constituent rows; no parser-created symbol or duplicate was found. Final-row disclaimer text is attached to ZEEL.,NONE; retained fail-closed for manual count/methodology review,201,MANUAL_REVIEW_REQUIRED_SOURCE_COUNT
2016-08-31,nifty200_Aug2016.pdf,https://www.niftyindices.com/Indices_-_Market_Capitalisation_and_Weightage/indices_dataAug2016.zip,cb278d22b5cb92d6b6a40acf92d71a2bdd2a0e086bfa22ecd74c43e1e5d5334c,201,201,201,,,ZEEL,Official checkpoint contains 201 unique constituent rows; no parser-created symbol or duplicate was found. Final-row disclaimer text is attached to ZEEL.,NONE; retained fail-closed for manual count/methodology review,201,MANUAL_REVIEW_REQUIRED_SOURCE_COUNT
2016-09-30,nifty200_Sep2016.pdf,https://www.niftyindices.com/Indices_-_Market_Capitalisation_and_Weightage/indices_dataSep2016.zip,bd879a4c90b5d90627166c3bb7d003a7820e4b9e6cc444695becb0886cfc0ea4,201,201,201,,,ZEEL,Official checkpoint contains 201 unique constituent rows; no parser-created symbol or duplicate was found. Final-row disclaimer text is attached to ZEEL.,NONE; retained fail-closed for manual count/methodology review,201,MANUAL_REVIEW_REQUIRED_SOURCE_COUNT
2016-10-30,nifty200_Oct2016.pdf,https://www.niftyindices.com/Indices_-_Market_Capitalisation_and_Weightage/indices_dataOct2016.zip,0bc2d0625aae3b09298be89a950f4ff666a382ab4ee0adcbe2782e4ac32a3fc6,201,201,201,,,ZEEL,Official checkpoint contains 201 unique constituent rows; no parser-created symbol or duplicate was found. Final-row disclaimer text is attached to ZEEL.,NONE; retained fail-closed for manual count/methodology review,201,MANUAL_REVIEW_REQUIRED_SOURCE_COUNT
2016-11-30,nifty200_Nov2016.pdf,https://www.niftyindices.com/Indices_-_Market_Capitalisation_and_Weightage/indices_dataNov2016.zip,7da21fa45e791684d560304b79a4c7c50b0569b21dc99df76b3f78e1fe6eebfe,201,201,201,,,ZEEL,Official checkpoint contains 201 unique constituent rows; no parser-created symbol or duplicate was found. Final-row disclaimer text is attached to ZEEL.,NONE; retained fail-closed for manual count/methodology review,201,MANUAL_REVIEW_REQUIRED_SOURCE_COUNT
2016-12-30,nifty200_Dec2016.pdf,https://www.niftyindices.com/Indices_-_Market_Capitalisation_and_Weightage/indices_dataDec2016.zip,6ab11b44e137b11a1c8aaddc3e8145407bacb4f615a95ca37083d9559c572e37,201,201,201,,,ZEEL,Official checkpoint contains 201 unique constituent rows; no parser-created symbol or duplicate was found. Final-row disclaimer text is attached to ZEEL.,NONE; retained fail-closed for manual count/methodology review,201,MANUAL_REVIEW_REQUIRED_SOURCE_COUNT
2017-01-31,nifty200_Jan2017.pdf,https://www.niftyindices.com/Indices_-_Market_Capitalisation_and_Weightage/indices_dataJan2017.zip,1c522f49e40ca08f134f206ad9b9b103e5c448839be17392950a78348b3fec5a,201,201,201,,,ZEEL,Official checkpoint contains 201 unique constituent rows; no parser-created symbol or duplicate was found. Final-row disclaimer text is attached to ZEEL.,NONE; retained fail-closed for manual count/methodology review,201,MANUAL_REVIEW_REQUIRED_SOURCE_COUNT
2017-02-28,nifty200_Feb2017.pdf,https://www.niftyindices.com/Indices_-_Market_Capitalisation_and_Weightage/indices_dataFeb2017.zip,6e957a8608770bf6612725a696664ea87a24584f15c336d0cec73f7e30a88305,201,201,201,,,ZEEL,Official checkpoint contains 201 unique constituent rows; no parser-created symbol or duplicate was found. Final-row disclaimer text is attached to ZEEL.,NONE; retained fail-closed for manual count/methodology review,201,MANUAL_REVIEW_REQUIRED_SOURCE_COUNT
2017-03-31,nifty200_Mar2017.pdf,https://www.niftyindices.com/Indices_-_Market_Capitalisation_and_Weightage/indices_dataMar2017.zip,66bdfcfd18ca314ee8c6f83d5b7fe510dcee0187d6186e190959246517dd7eae,201,201,201,,,ZEEL,Official checkpoint contains 201 unique constituent rows; no parser-created symbol or duplicate was found. Final-row disclaimer text is attached to ZEEL.,NONE; retained fail-closed for manual count/methodology review,201,MANUAL_REVIEW_REQUIRED_SOURCE_COUNT
2017-04-28,nifty200_Apr2017.pdf,https://www.niftyindices.com/Indices_-_Market_Capitalisation_and_Weightage/indices_dataApr2017.zip,8d0f098b666e0554677af2d944447d5222de90c45ec7dab61a1ab48bdb5c53ad,201,201,201,,,ZEEL,Official checkpoint contains 201 unique constituent rows; no parser-created symbol or duplicate was found. Final-row disclaimer text is attached to ZEEL.,NONE; retained fail-closed for manual count/methodology review,201,MANUAL_REVIEW_REQUIRED_SOURCE_COUNT
2017-05-31,nifty200_May2017.pdf,https://www.niftyindices.com/Indices_-_Market_Capitalisation_and_Weightage/indices_dataMay2017.zip,0bc2df7470b2d2f94de9a91bed643b23ee1171451feab2179423f7192d2e826d,201,201,201,,,ZEEL,Official checkpoint contains 201 unique constituent rows; no parser-created symbol or duplicate was found. Final-row disclaimer text is attached to ZEEL.,NONE; retained fail-closed for manual count/methodology review,201,MANUAL_REVIEW_REQUIRED_SOURCE_COUNT
2017-06-30,nifty200_Jun2017.pdf,https://www.niftyindices.com/Indices_-_Market_Capitalisation_and_Weightage/indices_dataJun2017.zip,907fca09784c59d663516fc4b36db89100744c9aab056d222d33adf8a2ef1d6b,201,201,201,,,ZEEL,Official checkpoint contains 201 unique constituent rows; no parser-created symbol or duplicate was found. Final-row disclaimer text is attached to ZEEL.,NONE; retained fail-closed for manual count/methodology review,201,MANUAL_REVIEW_REQUIRED_SOURCE_COUNT
2017-07-31,NIFTY_200_Jul2017.pdf,https://www.niftyindices.com/Indices_-_Market_Capitalisation_and_Weightage/indices_dataJul2017.zip,92e6642ce5d06d8125e3a5b63e75def5d033c5f748c1caa04e003ca6c6037df3,201,201,201,,,ZEEL,Official checkpoint contains 201 unique constituent rows; no parser-created symbol or duplicate was found. Final-row disclaimer text is attached to ZEEL.,NONE; retained fail-closed for manual count/methodology review,201,MANUAL_REVIEW_REQUIRED_SOURCE_COUNT
2017-08-31,NIFTY_200_Aug2017.pdf,https://www.niftyindices.com/Indices_-_Market_Capitalisation_and_Weightage/indices_dataAug2017.zip,8a87b8341569a4b8482fdce76169b5a14c1672b801347657adada8bff3e886f7,201,201,201,,,ZEEL,Official checkpoint contains 201 unique constituent rows; no parser-created symbol or duplicate was found. Final-row disclaimer text is attached to ZEEL.,NONE; retained fail-closed for manual count/methodology review,201,MANUAL_REVIEW_REQUIRED_SOURCE_COUNT
2017-09-29,NIFTY_200_Sep2017.pdf,https://www.niftyindices.com/Indices_-_Market_Capitalisation_and_Weightage/indices_dataSep2017.zip,230073c2272376dbba6f6a70ee44d4da3e40f78e0270da578b1fa53f0f271c5f,201,201,201,,,ZEEL,Official checkpoint contains 201 unique constituent rows; no parser-created symbol or duplicate was found. Final-row disclaimer text is attached to ZEEL.,NONE; retained fail-closed for manual count/methodology review,201,MANUAL_REVIEW_REQUIRED_SOURCE_COUNT
2017-10-31,NIFTY_200_Oct2017.pdf,https://www.niftyindices.com/Indices_-_Market_Capitalisation_and_Weightage/indices_dataOct2017.zip,aac9c50eeab36b3ecce5e5e198447467d2842bc2ba9ef80a641771462a21c506,201,201,201,,,ZEEL,Official checkpoint contains 201 unique constituent rows; no parser-created symbol or duplicate was found. Final-row disclaimer text is attached to ZEEL.,NONE; retained fail-closed for manual count/methodology review,201,MANUAL_REVIEW_REQUIRED_SOURCE_COUNT
2017-11-30,NIFTY_200_Nov2017.pdf,https://www.niftyindices.com/Indices_-_Market_Capitalisation_and_Weightage/indices_dataNov2017.zip,aeffd41c9563e188c885f15efa3d5bc38d08b4dd5e5dd1369fa8b1d894222ef2,201,201,201,,,ZEEL,Official checkpoint contains 201 unique constituent rows; no parser-created symbol or duplicate was found. Final-row disclaimer text is attached to ZEEL.,NONE; retained fail-closed for manual count/methodology review,201,MANUAL_REVIEW_REQUIRED_SOURCE_COUNT
2017-12-29,NIFTY_200_Dec2017.pdf,https://www.niftyindices.com/Indices_-_Market_Capitalisation_and_Weightage/indices_dataDec2017.zip,27a47b73a928143c9c0f247f50f07c1373316af6c00f55d75453051219d04db0,201,201,201,,,ZEEL,Official checkpoint contains 201 unique constituent rows; no parser-created symbol or duplicate was found. Final-row disclaimer text is attached to ZEEL.,NONE; retained fail-closed for manual count/methodology review,201,MANUAL_REVIEW_REQUIRED_SOURCE_COUNT
2018-01-31,NIFTY_200_Jan2018.pdf,https://www.niftyindices.com/Indices_-_Market_Capitalisation_and_Weightage/indices_dataJan2018.zip,1c1b11039bdf8da7e1125012e81f2be6332f7033de1a9daa6791d762b5e3e684,201,201,201,,,ZEEL,Official checkpoint contains 201 unique constituent rows; no parser-created symbol or duplicate was found. Final-row disclaimer text is attached to ZEEL.,NONE; retained fail-closed for manual count/methodology review,201,MANUAL_REVIEW_REQUIRED_SOURCE_COUNT
2018-02-28,NIFTY_200_Feb2018.pdf,https://www.niftyindices.com/Indices_-_Market_Capitalisation_and_Weightage/indices_dataFeb2018.zip,05a681d96562d26d50eecf4b78b797f7cff1feba71693c9380aa28aff0f09cb3,201,201,201,,,ZEEL,Official checkpoint contains 201 unique constituent rows; no parser-created symbol or duplicate was found. Final-row disclaimer text is attached to ZEEL.,NONE; retained fail-closed for manual count/methodology review,201,MANUAL_REVIEW_REQUIRED_SOURCE_COUNT
2018-03-28,NIFTY_200_Mar2018.pdf,https://www.niftyindices.com/Indices_-_Market_Capitalisation_and_Weightage/indices_dataMar2018.zip,305403cfdf38817cf31dc8bf2b22bc69f6d579a11a80d588958b5cf20fd494c7,201,201,201,,,ZEEL,Official checkpoint contains 201 unique constituent rows; no parser-created symbol or duplicate was found. Final-row disclaimer text is attached to ZEEL.,NONE; retained fail-closed for manual count/methodology review,201,MANUAL_REVIEW_REQUIRED_SOURCE_COUNT
2018-04-30,NIFTY_200_Apr2018.pdf,https://www.niftyindices.com/Indices_-_Market_Capitalisation_and_Weightage/indices_dataApr2018.zip,93a2452b1f3edc991e9965cdf48b2e10c8ece23c5cb2ecc41fbcda98eb4ea0da,201,201,201,,,ZEEL,Official checkpoint contains 201 unique constituent rows; no parser-created symbol or duplicate was found. Final-row disclaimer text is attached to ZEEL.,NONE; retained fail-closed for manual count/methodology review,201,MANUAL_REVIEW_REQUIRED_SOURCE_COUNT
2018-05-31,NIFTY_200_May2018.pdf,https://www.niftyindices.com/Indices_-_Market_Capitalisation_and_Weightage/indices_dataMay2018.zip,38b09e4d781a102b521485bc0b704744962a0dbce18e92038ed997e2e7f39b2b,201,201,201,,,ZEEL,Official checkpoint contains 201 unique constituent rows; no parser-created symbol or duplicate was found. Final-row disclaimer text is attached to ZEEL.,NONE; retained fail-closed for manual count/methodology review,201,MANUAL_REVIEW_REQUIRED_SOURCE_COUNT
2018-06-29,NIFTY_200_Jun2018.pdf,https://www.niftyindices.com/Indices_-_Market_Capitalisation_and_Weightage/indices_dataJun2018.zip,35c518e9b77deae7f61f28d4c6f0f312d46d10a7d4e1f41a82f7ce20c9aee01f,201,201,201,,,ZEEL,Official checkpoint contains 201 unique constituent rows; no parser-created symbol or duplicate was found. Final-row disclaimer text is attached to ZEEL.,NONE; retained fail-closed for manual count/methodology review,201,MANUAL_REVIEW_REQUIRED_SOURCE_COUNT
2018-07-31,NIFTY_200_Jul2018.pdf,https://www.niftyindices.com/Indices_-_Market_Capitalisation_and_Weightage/indices_dataJul2018.zip,9fd4ace46b6c1e809f22060576fe7e3e62f1ad746818593c933b2573435e9440,201,201,201,,,ZEEL,Official checkpoint contains 201 unique constituent rows; no parser-created symbol or duplicate was found. Final-row disclaimer text is attached to ZEEL.,NONE; retained fail-closed for manual count/methodology review,201,MANUAL_REVIEW_REQUIRED_SOURCE_COUNT
2018-08-31,NIFTY_200_Aug2018.pdf,https://www.niftyindices.com/Indices_-_Market_Capitalisation_and_Weightage/indices_dataAug2018.zip,88edd69c7399a2075e6c36b11bf1a6b6d19f915a9011f71549a861f96acd7c62,201,201,201,,,ZEEL,Official checkpoint contains 201 unique constituent rows; no parser-created symbol or duplicate was found. Final-row disclaimer text is attached to ZEEL.,NONE; retained fail-closed for manual count/methodology review,201,MANUAL_REVIEW_REQUIRED_SOURCE_COUNT
2018-09-28,NIFTY_200_Sep2018.pdf,https://www.niftyindices.com/Indices_-_Market_Capitalisation_and_Weightage/indices_dataSep2018.zip,be9625d29f2c02efe216f538975ad1df950037a29862152fb50db675f785a023,201,201,201,,,ZEEL,Official checkpoint contains 201 unique constituent rows; no parser-created symbol or duplicate was found. Final-row disclaimer text is attached to ZEEL.,NONE; retained fail-closed for manual count/methodology review,201,MANUAL_REVIEW_REQUIRED_SOURCE_COUNT
2018-10-31,NIFTY_200_Oct2018.pdf,https://www.niftyindices.com/Indices_-_Market_Capitalisation_and_Weightage/indices_dataOct2018.zip,124f94b04e047ffe18fe80b17b5fea5d8cf92593d3d75b71d0e90cbaae98c195,201,201,201,,,ZEEL,Official checkpoint contains 201 unique constituent rows; no parser-created symbol or duplicate was found. Final-row disclaimer text is attached to ZEEL.,NONE; retained fail-closed for manual count/methodology review,201,MANUAL_REVIEW_REQUIRED_SOURCE_COUNT
2018-11-30,NIFTY_200_Nov2018.pdf,https://www.niftyindices.com/Indices_-_Market_Capitalisation_and_Weightage/indices_dataNov2018.zip,262c0645ba9a6e1070c0e45b87c675bbea8b1cf5e5da94c6efb8fb0622b62122,201,201,201,,,ZEEL,Official checkpoint contains 201 unique constituent rows; no parser-created symbol or duplicate was found. Final-row disclaimer text is attached to ZEEL.,NONE; retained fail-closed for manual count/methodology review,201,MANUAL_REVIEW_REQUIRED_SOURCE_COUNT
2018-12-31,NIFTY_200_Dec2018.pdf,https://www.niftyindices.com/Indices_-_Market_Capitalisation_and_Weightage/indices_dataDec2018.zip,b7b2084dd3349be9405e54117362e85c5118d6bbccd5edd2f1e6304a0d7a8d44,201,201,201,,,ZEEL,Official checkpoint contains 201 unique constituent rows; no parser-created symbol or duplicate was found. Final-row disclaimer text is attached to ZEEL.,NONE; retained fail-closed for manual count/methodology review,201,MANUAL_REVIEW_REQUIRED_SOURCE_COUNT
2019-01-31,NIFTY_200_Jan2019.pdf,https://www.niftyindices.com/Indices_-_Market_Capitalisation_and_Weightage/indices_dataJan2019.zip,bf5e8acd6dcba671013874e21058cba19379fb83b221931628ef90d111d81f3d,201,201,201,,,ZEEL,Official checkpoint contains 201 unique constituent rows; no parser-created symbol or duplicate was found. Final-row disclaimer text is attached to ZEEL.,NONE; retained fail-closed for manual count/methodology review,201,MANUAL_REVIEW_REQUIRED_SOURCE_COUNT
2019-02-28,NIFTY_200_Feb2019.pdf,https://www.niftyindices.com/Indices_-_Market_Capitalisation_and_Weightage/indices_dataFeb2019.zip,2a4c4743e8b20d2b5f2f11265f631b493b0a9f3250233f22bf5a7a383b4e57ec,201,201,201,,,ZEEL,Official checkpoint contains 201 unique constituent rows; no parser-created symbol or duplicate was found. Final-row disclaimer text is attached to ZEEL.,NONE; retained fail-closed for manual count/methodology review,201,MANUAL_REVIEW_REQUIRED_SOURCE_COUNT
2019-03-29,NIFTY_200_Mar2019.pdf,https://www.niftyindices.com/Indices_-_Market_Capitalisation_and_Weightage/indices_dataMar2019.zip,56dc9429612f7a1f5fc4b671343785ff950d465d7e1e8fcef56be9d8fd385a5e,201,201,201,,,ZEEL,Official checkpoint contains 201 unique constituent rows; no parser-created symbol or duplicate was found. Final-row disclaimer text is attached to ZEEL.,NONE; retained fail-closed for manual count/methodology review,201,MANUAL_REVIEW_REQUIRED_SOURCE_COUNT
2019-04-30,NIFTY_200_Apr2019.pdf,https://www.niftyindices.com/Indices_-_Market_Capitalisation_and_Weightage/indices_dataApr2019.zip,3c6d0ce5aef58047c2f81ae83690aa9601373a4af9fec14e2c83d474e59ee0bd,201,201,201,,,ZEEL,Official checkpoint contains 201 unique constituent rows; no parser-created symbol or duplicate was found. Final-row disclaimer text is attached to ZEEL.,NONE; retained fail-closed for manual count/methodology review,201,MANUAL_REVIEW_REQUIRED_SOURCE_COUNT
2019-05-31,NIFTY_200_May2019.pdf,https://www.niftyindices.com/Indices_-_Market_Capitalisation_and_Weightage/indices_dataMay2019.zip,87c41b86bcbc38e7a7891817c53f2dd86e789487e991c792fad6907879cadc29,201,201,201,,,ZEEL,Official checkpoint contains 201 unique constituent rows; no parser-created symbol or duplicate was found. Final-row disclaimer text is attached to ZEEL.,NONE; retained fail-closed for manual count/methodology review,201,MANUAL_REVIEW_REQUIRED_SOURCE_COUNT
2019-06-28,NIFTY_200_Jun2019.pdf,https://www.niftyindices.com/Indices_-_Market_Capitalisation_and_Weightage/indices_dataJun2019.zip,637818665439d6b836f4f128db18b3df7a89410ec24e5385ea4c37c7cce398e3,201,201,201,,,ZEEL,Official checkpoint contains 201 unique constituent rows; no parser-created symbol or duplicate was found. Final-row disclaimer text is attached to ZEEL.,NONE; retained fail-closed for manual count/methodology review,201,MANUAL_REVIEW_REQUIRED_SOURCE_COUNT
2019-07-31,NIFTY_200_Jul2019.pdf,https://www.niftyindices.com/Indices_-_Market_Capitalisation_and_Weightage/indices_dataJul2019.zip,2541d6174a3fc92dd6175eacb946acd5260d4cde8f872edc941389fcae4396c7,201,201,201,,,ZEEL,Official checkpoint contains 201 unique constituent rows; no parser-created symbol or duplicate was found. Final-row disclaimer text is attached to ZEEL.,NONE; retained fail-closed for manual count/methodology review,201,MANUAL_REVIEW_REQUIRED_SOURCE_COUNT
2019-08-30,NIFTY_200_Aug2019.pdf,https://www.niftyindices.com/Indices_-_Market_Capitalisation_and_Weightage/indices_dataAug2019.zip,aeeca6ea45457b007b6857bc2b26f304a479bb4239cf7e5c3f420b00843b2120,201,201,201,,,ZEEL,Official checkpoint contains 201 unique constituent rows; no parser-created symbol or duplicate was found. Final-row disclaimer text is attached to ZEEL.,NONE; retained fail-closed for manual count/methodology review,201,MANUAL_REVIEW_REQUIRED_SOURCE_COUNT
2019-09-30,NIFTY_200_Sep2019.pdf,https://www.niftyindices.com/Indices_-_Market_Capitalisation_and_Weightage/indices_dataSep2019.zip,c723c9640bca6c287498568b02b671c07ca589781e07e8f501a113cb6feaa0e2,201,201,200,,,ZEEL,Official checkpoint contains 201 unique constituent rows; no parser-created symbol or duplicate was found. Final-row disclaimer text is attached to ZEEL.,NONE; retained fail-closed for manual count/methodology review,201,MANUAL_REVIEW_REQUIRED_SOURCE_COUNT
2019-10-31,NIFTY_200_Oct2019.pdf,https://www.niftyindices.com/Indices_-_Market_Capitalisation_and_Weightage/indices_dataOct2019.zip,efb12285610fb3c0cc07699ad727ab78d5b3d821c68caa9f33dca6e30dc251c2,201,201,200,,,ZEEL,Official checkpoint contains 201 unique constituent rows; no parser-created symbol or duplicate was found. Final-row disclaimer text is attached to ZEEL.,NONE; retained fail-closed for manual count/methodology review,201,MANUAL_REVIEW_REQUIRED_SOURCE_COUNT
2019-11-29,NIFTY_200_Nov2019.pdf,https://www.niftyindices.com/Indices_-_Market_Capitalisation_and_Weightage/indices_dataNov2019.zip,3933aafbffda34e4f1767a4df0f7db6464dede5daecf4e8944387dc680e1464e,201,201,200,,,ZEEL,Official checkpoint contains 201 unique constituent rows; no parser-created symbol or duplicate was found. Final-row disclaimer text is attached to ZEEL.,NONE; retained fail-closed for manual count/methodology review,201,MANUAL_REVIEW_REQUIRED_SOURCE_COUNT
2019-12-31,NIFTY_200_Dec2019.pdf,https://www.niftyindices.com/Indices_-_Market_Capitalisation_and_Weightage/indices_dataDec2019.zip,5f0f848bd0b5a13bd6a31cb73ceb55f6a99ac16030c9f578fb240acbfd9e7bd3,201,201,200,,,ZEEL,Official checkpoint contains 201 unique constituent rows; no parser-created symbol or duplicate was found. Final-row disclaimer text is attached to ZEEL.,NONE; retained fail-closed for manual count/methodology review,201,MANUAL_REVIEW_REQUIRED_SOURCE_COUNT
2020-01-31,NIFTY_200_Jan2020.pdf,https://www.niftyindices.com/Indices_-_Market_Capitalisation_and_Weightage/indices_dataJan2020.zip,3392685a8c0a3e06ef313354efe174e60c3d4dd62683f7e05cee3c436b62b721,201,201,201,,,ZEEL,Official checkpoint contains 201 unique constituent rows; no parser-created symbol or duplicate was found. Final-row disclaimer text is attached to ZEEL.,NONE; retained fail-closed for manual count/methodology review,201,MANUAL_REVIEW_REQUIRED_SOURCE_COUNT
2020-02-28,NIFTY_200_Feb2020.pdf,https://www.niftyindices.com/Indices_-_Market_Capitalisation_and_Weightage/indices_dataFeb2020.zip,f79792707dbacba304fa94b0006eee80644b4314c4279cebbf2aa2db4f6c12eb,201,201,201,,,ZEEL,Official checkpoint contains 201 unique constituent rows; no parser-created symbol or duplicate was found. Final-row disclaimer text is attached to ZEEL.,NONE; retained fail-closed for manual count/methodology review,201,MANUAL_REVIEW_REQUIRED_SOURCE_COUNT
2020-03-31,NIFTY_200_Mar2020.pdf,https://www.niftyindices.com/Indices_-_Market_Capitalisation_and_Weightage/indices_dataMar2020.zip,00efbdb09265de37ecfc19e85d89e7f78ad3ffb4d003c8694d7a4c9b940d0e6c,201,201,201,,,ZEEL,Official checkpoint contains 201 unique constituent rows; no parser-created symbol or duplicate was found. Final-row disclaimer text is attached to ZEEL.,NONE; retained fail-closed for manual count/methodology review,201,MANUAL_REVIEW_REQUIRED_SOURCE_COUNT
2020-04-30,NIFTY_200_Apr2020.pdf,https://www.niftyindices.com/Indices_-_Market_Capitalisation_and_Weightage/indices_dataApr2020.zip,568cfe3a12c8345657534f58154fdde34504f68120f1b2a332dba4aaa0952911,201,201,201,,,ZEEL,Official checkpoint contains 201 unique constituent rows; no parser-created symbol or duplicate was found. Final-row disclaimer text is attached to ZEEL.,NONE; retained fail-closed for manual count/methodology review,201,MANUAL_REVIEW_REQUIRED_SOURCE_COUNT
2020-05-29,NIFTY_200_May2020.pdf,https://www.niftyindices.com/Indices_-_Market_Capitalisation_and_Weightage/indices_dataMay2020.zip,e7d2700db2d0fd6502e393ab98641d41f1526753f4458a055acf99153b754a2e,201,201,201,,,ZEEL,Official checkpoint contains 201 unique constituent rows; no parser-created symbol or duplicate was found. Final-row disclaimer text is attached to ZEEL.,NONE; retained fail-closed for manual count/methodology review,201,MANUAL_REVIEW_REQUIRED_SOURCE_COUNT
